source_file,sheet,assay_date,well,plate_row,plate_col,readout,value
BWII Compounds.xlsx,052824,2024-05-31,A1,A,1,450,0.04
BWII Compounds.xlsx,052824,2024-05-31,A2,A,2,450,0.04
BWII Compounds.xlsx,052824,2024-05-31,A3,A,3,450,0.048
BWII Compounds.xlsx,052824,2024-05-31,A4,A,4,450,0.046
BWII Compounds.xlsx,052824,2024-05-31,A5,A,5,450,0.041
BWII Compounds.xlsx,052824,2024-05-31,A6,A,6,450,0.041
BWII Compounds.xlsx,052824,2024-05-31,A7,A,7,450,0.04
BWII Compounds.xlsx,052824,2024-05-31,A8,A,8,450,0.04
BWII Compounds.xlsx,052824,2024-05-31,A9,A,9,450,0.04
BWII Compounds.xlsx,052824,2024-05-31,A10,A,10,450,0.04
BWII Compounds.xlsx,052824,2024-05-31,A11,A,11,450,0.039
BWII Compounds.xlsx,052824,2024-05-31,A12,A,12,450,0.04
BWII Compounds.xlsx,052824,2024-05-31,A1,A,1,650,0.036
BWII Compounds.xlsx,052824,2024-05-31,A2,A,2,650,0.036
BWII Compounds.xlsx,052824,2024-05-31,A3,A,3,650,0.045
BWII Compounds.xlsx,052824,2024-05-31,A4,A,4,650,0.04
BWII Compounds.xlsx,052824,2024-05-31,A5,A,5,650,0.036
BWII Compounds.xlsx,052824,2024-05-31,A6,A,6,650,0.037
BWII Compounds.xlsx,052824,2024-05-31,A7,A,7,650,0.038
BWII Compounds.xlsx,052824,2024-05-31,A8,A,8,650,0.037
BWII Compounds.xlsx,052824,2024-05-31,A9,A,9,650,0.037
BWII Compounds.xlsx,052824,2024-05-31,A10,A,10,650,0.039
BWII Compounds.xlsx,052824,2024-05-31,A11,A,11,650,0.038
BWII Compounds.xlsx,052824,2024-05-31,A12,A,12,650,0.036
BWII Compounds.xlsx,052824,2024-05-31,A1,A,1,Delta,0.004
BWII Compounds.xlsx,052824,2024-05-31,A2,A,2,Delta,0.004
BWII Compounds.xlsx,052824,2024-05-31,A3,A,3,Delta,0.003
BWII Compounds.xlsx,052824,2024-05-31,A4,A,4,Delta,0.007
BWII Compounds.xlsx,052824,2024-05-31,A5,A,5,Delta,0.006
BWII Compounds.xlsx,052824,2024-05-31,A6,A,6,Delta,0.005
BWII Compounds.xlsx,052824,2024-05-31,A7,A,7,Delta,0.002
BWII Compounds.xlsx,052824,2024-05-31,A8,A,8,Delta,0.003
BWII Compounds.xlsx,052824,2024-05-31,A9,A,9,Delta,0.003
BWII Compounds.xlsx,052824,2024-05-31,A10,A,10,Delta,0.001
BWII Compounds.xlsx,052824,2024-05-31,A11,A,11,Delta,0.001
BWII Compounds.xlsx,052824,2024-05-31,A12,A,12,Delta,0.003
BWII Compounds.xlsx,052824,2024-05-31,B1,B,1,450,0.041
BWII Compounds.xlsx,052824,2024-05-31,B2,B,2,450,0.973
BWII Compounds.xlsx,052824,2024-05-31,B3,B,3,450,1.01
BWII Compounds.xlsx,052824,2024-05-31,B4,B,4,450,1.164
BWII Compounds.xlsx,052824,2024-05-31,B5,B,5,450,1.147
BWII Compounds.xlsx,052824,2024-05-31,B6,B,6,450,1.099
BWII Compounds.xlsx,052824,2024-05-31,B7,B,7,450,1.276
BWII Compounds.xlsx,052824,2024-05-31,B8,B,8,450,1.154
BWII Compounds.xlsx,052824,2024-05-31,B9,B,9,450,1.08
BWII Compounds.xlsx,052824,2024-05-31,B10,B,10,450,0.935
BWII Compounds.xlsx,052824,2024-05-31,B11,B,11,450,0.11
BWII Compounds.xlsx,052824,2024-05-31,B12,B,12,450,0.04
BWII Compounds.xlsx,052824,2024-05-31,B1,B,1,650,0.038
BWII Compounds.xlsx,052824,2024-05-31,B2,B,2,650,0.049
BWII Compounds.xlsx,052824,2024-05-31,B3,B,3,650,0.051
BWII Compounds.xlsx,052824,2024-05-31,B4,B,4,650,0.057
BWII Compounds.xlsx,052824,2024-05-31,B5,B,5,650,0.06
BWII Compounds.xlsx,052824,2024-05-31,B6,B,6,650,0.06
BWII Compounds.xlsx,052824,2024-05-31,B7,B,7,650,0.065
BWII Compounds.xlsx,052824,2024-05-31,B8,B,8,650,0.058
BWII Compounds.xlsx,052824,2024-05-31,B9,B,9,650,0.056
BWII Compounds.xlsx,052824,2024-05-31,B10,B,10,650,0.063
BWII Compounds.xlsx,052824,2024-05-31,B11,B,11,650,0.061
BWII Compounds.xlsx,052824,2024-05-31,B12,B,12,650,0.037
BWII Compounds.xlsx,052824,2024-05-31,B1,B,1,Delta,0.003
BWII Compounds.xlsx,052824,2024-05-31,B2,B,2,Delta,0.924
BWII Compounds.xlsx,052824,2024-05-31,B3,B,3,Delta,0.959
BWII Compounds.xlsx,052824,2024-05-31,B4,B,4,Delta,1.107
BWII Compounds.xlsx,052824,2024-05-31,B5,B,5,Delta,1.087
BWII Compounds.xlsx,052824,2024-05-31,B6,B,6,Delta,1.04
BWII Compounds.xlsx,052824,2024-05-31,B7,B,7,Delta,1.211
BWII Compounds.xlsx,052824,2024-05-31,B8,B,8,Delta,1.096
BWII Compounds.xlsx,052824,2024-05-31,B9,B,9,Delta,1.024
BWII Compounds.xlsx,052824,2024-05-31,B10,B,10,Delta,0.872
BWII Compounds.xlsx,052824,2024-05-31,B11,B,11,Delta,0.049
BWII Compounds.xlsx,052824,2024-05-31,B12,B,12,Delta,0.004
BWII Compounds.xlsx,052824,2024-05-31,C1,C,1,450,0.056
BWII Compounds.xlsx,052824,2024-05-31,C2,C,2,450,1.146
BWII Compounds.xlsx,052824,2024-05-31,C3,C,3,450,1.261
BWII Compounds.xlsx,052824,2024-05-31,C4,C,4,450,1.154
BWII Compounds.xlsx,052824,2024-05-31,C5,C,5,450,1.115
BWII Compounds.xlsx,052824,2024-05-31,C6,C,6,450,0.974
BWII Compounds.xlsx,052824,2024-05-31,C7,C,7,450,1.27
BWII Compounds.xlsx,052824,2024-05-31,C8,C,8,450,1.125
BWII Compounds.xlsx,052824,2024-05-31,C9,C,9,450,1.176
BWII Compounds.xlsx,052824,2024-05-31,C10,C,10,450,1.032
BWII Compounds.xlsx,052824,2024-05-31,C11,C,11,450,0.1
BWII Compounds.xlsx,052824,2024-05-31,C12,C,12,450,0.038
BWII Compounds.xlsx,052824,2024-05-31,C1,C,1,650,0.046
BWII Compounds.xlsx,052824,2024-05-31,C2,C,2,650,0.061
BWII Compounds.xlsx,052824,2024-05-31,C3,C,3,650,0.071
BWII Compounds.xlsx,052824,2024-05-31,C4,C,4,650,0.057
BWII Compounds.xlsx,052824,2024-05-31,C5,C,5,650,0.057
BWII Compounds.xlsx,052824,2024-05-31,C6,C,6,650,0.058
BWII Compounds.xlsx,052824,2024-05-31,C7,C,7,650,0.058
BWII Compounds.xlsx,052824,2024-05-31,C8,C,8,650,0.063
BWII Compounds.xlsx,052824,2024-05-31,C9,C,9,650,0.067
BWII Compounds.xlsx,052824,2024-05-31,C10,C,10,650,0.058
BWII Compounds.xlsx,052824,2024-05-31,C11,C,11,650,0.055
BWII Compounds.xlsx,052824,2024-05-31,C12,C,12,650,0.036
BWII Compounds.xlsx,052824,2024-05-31,C1,C,1,3.12.08,0.009
BWII Compounds.xlsx,052824,2024-05-31,C2,C,2,3.12.08,1.085
BWII Compounds.xlsx,052824,2024-05-31,C3,C,3,3.12.08,1.19
BWII Compounds.xlsx,052824,2024-05-31,C4,C,4,3.12.08,1.097
BWII Compounds.xlsx,052824,2024-05-31,C5,C,5,3.12.08,1.058
BWII Compounds.xlsx,052824,2024-05-31,C6,C,6,3.12.08,0.916
BWII Compounds.xlsx,052824,2024-05-31,C7,C,7,3.12.08,1.212
BWII Compounds.xlsx,052824,2024-05-31,C8,C,8,3.12.08,1.062
BWII Compounds.xlsx,052824,2024-05-31,C9,C,9,3.12.08,1.109
BWII Compounds.xlsx,052824,2024-05-31,C10,C,10,3.12.08,0.974
BWII Compounds.xlsx,052824,2024-05-31,C11,C,11,3.12.08,0.045
BWII Compounds.xlsx,052824,2024-05-31,C12,C,12,3.12.08,0.003
BWII Compounds.xlsx,052824,2024-05-31,D1,D,1,450,0.05
BWII Compounds.xlsx,052824,2024-05-31,D2,D,2,450,1.206
BWII Compounds.xlsx,052824,2024-05-31,D3,D,3,450,1.221
BWII Compounds.xlsx,052824,2024-05-31,D4,D,4,450,1.137
BWII Compounds.xlsx,052824,2024-05-31,D5,D,5,450,1.142
BWII Compounds.xlsx,052824,2024-05-31,D6,D,6,450,1.004
BWII Compounds.xlsx,052824,2024-05-31,D7,D,7,450,1.124
BWII Compounds.xlsx,052824,2024-05-31,D8,D,8,450,1.059
BWII Compounds.xlsx,052824,2024-05-31,D9,D,9,450,1.387
BWII Compounds.xlsx,052824,2024-05-31,D10,D,10,450,1.105
BWII Compounds.xlsx,052824,2024-05-31,D11,D,11,450,0.117
BWII Compounds.xlsx,052824,2024-05-31,D12,D,12,450,0.041
BWII Compounds.xlsx,052824,2024-05-31,D1,D,1,\\ad.uams.edu\COM Radiation Oncology\Research\Biology Lab\Griffin Lab\Samir\Epoch_Plate Reader\LLC_RR_BWCompounds_052824.xpt,0.046
BWII Compounds.xlsx,052824,2024-05-31,D2,D,2,\\ad.uams.edu\COM Radiation Oncology\Research\Biology Lab\Griffin Lab\Samir\Epoch_Plate Reader\LLC_RR_BWCompounds_052824.xpt,0.082
BWII Compounds.xlsx,052824,2024-05-31,D3,D,3,\\ad.uams.edu\COM Radiation Oncology\Research\Biology Lab\Griffin Lab\Samir\Epoch_Plate Reader\LLC_RR_BWCompounds_052824.xpt,0.065
BWII Compounds.xlsx,052824,2024-05-31,D4,D,4,\\ad.uams.edu\COM Radiation Oncology\Research\Biology Lab\Griffin Lab\Samir\Epoch_Plate Reader\LLC_RR_BWCompounds_052824.xpt,0.061
BWII Compounds.xlsx,052824,2024-05-31,D5,D,5,\\ad.uams.edu\COM Radiation Oncology\Research\Biology Lab\Griffin Lab\Samir\Epoch_Plate Reader\LLC_RR_BWCompounds_052824.xpt,0.06
BWII Compounds.xlsx,052824,2024-05-31,D6,D,6,\\ad.uams.edu\COM Radiation Oncology\Research\Biology Lab\Griffin Lab\Samir\Epoch_Plate Reader\LLC_RR_BWCompounds_052824.xpt,0.069
BWII Compounds.xlsx,052824,2024-05-31,D7,D,7,\\ad.uams.edu\COM Radiation Oncology\Research\Biology Lab\Griffin Lab\Samir\Epoch_Plate Reader\LLC_RR_BWCompounds_052824.xpt,0.07
BWII Compounds.xlsx,052824,2024-05-31,D8,D,8,\\ad.uams.edu\COM Radiation Oncology\Research\Biology Lab\Griffin Lab\Samir\Epoch_Plate Reader\LLC_RR_BWCompounds_052824.xpt,0.062
BWII Compounds.xlsx,052824,2024-05-31,D9,D,9,\\ad.uams.edu\COM Radiation Oncology\Research\Biology Lab\Griffin Lab\Samir\Epoch_Plate Reader\LLC_RR_BWCompounds_052824.xpt,0.069
BWII Compounds.xlsx,052824,2024-05-31,D10,D,10,\\ad.uams.edu\COM Radiation Oncology\Research\Biology Lab\Griffin Lab\Samir\Epoch_Plate Reader\LLC_RR_BWCompounds_052824.xpt,0.064
BWII Compounds.xlsx,052824,2024-05-31,D11,D,11,\\ad.uams.edu\COM Radiation Oncology\Research\Biology Lab\Griffin Lab\Samir\Epoch_Plate Reader\LLC_RR_BWCompounds_052824.xpt,0.062
BWII Compounds.xlsx,052824,2024-05-31,D12,D,12,\\ad.uams.edu\COM Radiation Oncology\Research\Biology Lab\Griffin Lab\Samir\Epoch_Plate Reader\LLC_RR_BWCompounds_052824.xpt,0.037
BWII Compounds.xlsx,052824,2024-05-31,D1,D,1,C:\Users\Public\Documents\Protocols\CCK8.prt,0.004
BWII Compounds.xlsx,052824,2024-05-31,D2,D,2,C:\Users\Public\Documents\Protocols\CCK8.prt,1.124
BWII Compounds.xlsx,052824,2024-05-31,D3,D,3,C:\Users\Public\Documents\Protocols\CCK8.prt,1.157
BWII Compounds.xlsx,052824,2024-05-31,D4,D,4,C:\Users\Public\Documents\Protocols\CCK8.prt,1.077
BWII Compounds.xlsx,052824,2024-05-31,D5,D,5,C:\Users\Public\Documents\Protocols\CCK8.prt,1.082
BWII Compounds.xlsx,052824,2024-05-31,D6,D,6,C:\Users\Public\Documents\Protocols\CCK8.prt,0.935
BWII Compounds.xlsx,052824,2024-05-31,D7,D,7,C:\Users\Public\Documents\Protocols\CCK8.prt,1.054
BWII Compounds.xlsx,052824,2024-05-31,D8,D,8,C:\Users\Public\Documents\Protocols\CCK8.prt,0.997
BWII Compounds.xlsx,052824,2024-05-31,D9,D,9,C:\Users\Public\Documents\Protocols\CCK8.prt,1.319
BWII Compounds.xlsx,052824,2024-05-31,D10,D,10,C:\Users\Public\Documents\Protocols\CCK8.prt,1.041
BWII Compounds.xlsx,052824,2024-05-31,D11,D,11,C:\Users\Public\Documents\Protocols\CCK8.prt,0.055
BWII Compounds.xlsx,052824,2024-05-31,D12,D,12,C:\Users\Public\Documents\Protocols\CCK8.prt,0.004
BWII Compounds.xlsx,052824,2024-05-31,E1,E,1,Plate 2,0.04
BWII Compounds.xlsx,052824,2024-05-31,E2,E,2,Plate 2,1.113
BWII Compounds.xlsx,052824,2024-05-31,E3,E,3,Plate 2,1.255
BWII Compounds.xlsx,052824,2024-05-31,E4,E,4,Plate 2,1.072
BWII Compounds.xlsx,052824,2024-05-31,E5,E,5,Plate 2,1.132
BWII Compounds.xlsx,052824,2024-05-31,E6,E,6,Plate 2,1.141
BWII Compounds.xlsx,052824,2024-05-31,E7,E,7,Plate 2,1.361
BWII Compounds.xlsx,052824,2024-05-31,E8,E,8,Plate 2,1.101
BWII Compounds.xlsx,052824,2024-05-31,E9,E,9,Plate 2,1.139
BWII Compounds.xlsx,052824,2024-05-31,E10,E,10,Plate 2,1.208
BWII Compounds.xlsx,052824,2024-05-31,E11,E,11,Plate 2,0.135
BWII Compounds.xlsx,052824,2024-05-31,E12,E,12,Plate 2,0.051
BWII Compounds.xlsx,052824,2024-05-31,E1,E,1,2024-05-31 00:00:00,0.04
BWII Compounds.xlsx,052824,2024-05-31,E2,E,2,2024-05-31 00:00:00,0.059
BWII Compounds.xlsx,052824,2024-05-31,E3,E,3,2024-05-31 00:00:00,0.071
BWII Compounds.xlsx,052824,2024-05-31,E4,E,4,2024-05-31 00:00:00,0.064
BWII Compounds.xlsx,052824,2024-05-31,E5,E,5,2024-05-31 00:00:00,0.065
BWII Compounds.xlsx,052824,2024-05-31,E6,E,6,2024-05-31 00:00:00,0.07
BWII Compounds.xlsx,052824,2024-05-31,E7,E,7,2024-05-31 00:00:00,0.069
BWII Compounds.xlsx,052824,2024-05-31,E8,E,8,2024-05-31 00:00:00,0.07
BWII Compounds.xlsx,052824,2024-05-31,E9,E,9,2024-05-31 00:00:00,0.068
BWII Compounds.xlsx,052824,2024-05-31,E10,E,10,2024-05-31 00:00:00,0.076
BWII Compounds.xlsx,052824,2024-05-31,E11,E,11,2024-05-31 00:00:00,0.08
BWII Compounds.xlsx,052824,2024-05-31,E12,E,12,2024-05-31 00:00:00,0.05
BWII Compounds.xlsx,052824,2024-05-31,E1,E,1,11:19:41,0.0
BWII Compounds.xlsx,052824,2024-05-31,E2,E,2,11:19:41,1.054
BWII Compounds.xlsx,052824,2024-05-31,E3,E,3,11:19:41,1.184
BWII Compounds.xlsx,052824,2024-05-31,E4,E,4,11:19:41,1.008
BWII Compounds.xlsx,052824,2024-05-31,E5,E,5,11:19:41,1.067
BWII Compounds.xlsx,052824,2024-05-31,E6,E,6,11:19:41,1.071
BWII Compounds.xlsx,052824,2024-05-31,E7,E,7,11:19:41,1.293
BWII Compounds.xlsx,052824,2024-05-31,E8,E,8,11:19:41,1.031
BWII Compounds.xlsx,052824,2024-05-31,E9,E,9,11:19:41,1.07
BWII Compounds.xlsx,052824,2024-05-31,E10,E,10,11:19:41,1.132
BWII Compounds.xlsx,052824,2024-05-31,E11,E,11,11:19:41,0.055
BWII Compounds.xlsx,052824,2024-05-31,E12,E,12,11:19:41,0.001
BWII Compounds.xlsx,052824,2024-05-31,F1,F,1,Epoch,0.049
BWII Compounds.xlsx,052824,2024-05-31,F2,F,2,Epoch,1.27
BWII Compounds.xlsx,052824,2024-05-31,F3,F,3,Epoch,1.15
BWII Compounds.xlsx,052824,2024-05-31,F4,F,4,Epoch,1.299
BWII Compounds.xlsx,052824,2024-05-31,F5,F,5,Epoch,1.15
BWII Compounds.xlsx,052824,2024-05-31,F6,F,6,Epoch,1.181
BWII Compounds.xlsx,052824,2024-05-31,F7,F,7,Epoch,1.232
BWII Compounds.xlsx,052824,2024-05-31,F8,F,8,Epoch,1.308
BWII Compounds.xlsx,052824,2024-05-31,F9,F,9,Epoch,1.194
BWII Compounds.xlsx,052824,2024-05-31,F10,F,10,Epoch,1.144
BWII Compounds.xlsx,052824,2024-05-31,F11,F,11,Epoch,0.13
BWII Compounds.xlsx,052824,2024-05-31,F12,F,12,Epoch,0.04
BWII Compounds.xlsx,052824,2024-05-31,F1,F,1,267828,0.041
BWII Compounds.xlsx,052824,2024-05-31,F2,F,2,267828,0.063
BWII Compounds.xlsx,052824,2024-05-31,F3,F,3,267828,0.069
BWII Compounds.xlsx,052824,2024-05-31,F4,F,4,267828,0.067
BWII Compounds.xlsx,052824,2024-05-31,F5,F,5,267828,0.061
BWII Compounds.xlsx,052824,2024-05-31,F6,F,6,267828,0.074
BWII Compounds.xlsx,052824,2024-05-31,F7,F,7,267828,0.058
BWII Compounds.xlsx,052824,2024-05-31,F8,F,8,267828,0.068
BWII Compounds.xlsx,052824,2024-05-31,F9,F,9,267828,0.076
BWII Compounds.xlsx,052824,2024-05-31,F10,F,10,267828,0.061
BWII Compounds.xlsx,052824,2024-05-31,F11,F,11,267828,0.076
BWII Compounds.xlsx,052824,2024-05-31,F12,F,12,267828,0.046
BWII Compounds.xlsx,052824,2024-05-31,F1,F,1,Reader,0.008
BWII Compounds.xlsx,052824,2024-05-31,F2,F,2,Reader,1.207
BWII Compounds.xlsx,052824,2024-05-31,F3,F,3,Reader,1.082
BWII Compounds.xlsx,052824,2024-05-31,F4,F,4,Reader,1.232
BWII Compounds.xlsx,052824,2024-05-31,F5,F,5,Reader,1.089
BWII Compounds.xlsx,052824,2024-05-31,F6,F,6,Reader,1.107
BWII Compounds.xlsx,052824,2024-05-31,F7,F,7,Reader,1.174
BWII Compounds.xlsx,052824,2024-05-31,F8,F,8,Reader,1.239
BWII Compounds.xlsx,052824,2024-05-31,F9,F,9,Reader,1.118
BWII Compounds.xlsx,052824,2024-05-31,F10,F,10,Reader,1.083
BWII Compounds.xlsx,052824,2024-05-31,F11,F,11,Reader,0.053
BWII Compounds.xlsx,052824,2024-05-31,F12,F,12,Reader,-0.006
BWII Compounds.xlsx,052824,2024-05-31,G1,G,1,450,0.039
BWII Compounds.xlsx,052824,2024-05-31,G2,G,2,450,1.188
BWII Compounds.xlsx,052824,2024-05-31,G3,G,3,450,1.189
BWII Compounds.xlsx,052824,2024-05-31,G4,G,4,450,1.429
BWII Compounds.xlsx,052824,2024-05-31,G5,G,5,450,1.205
BWII Compounds.xlsx,052824,2024-05-31,G6,G,6,450,1.02
BWII Compounds.xlsx,052824,2024-05-31,G7,G,7,450,1.104
BWII Compounds.xlsx,052824,2024-05-31,G8,G,8,450,1.178
BWII Compounds.xlsx,052824,2024-05-31,G9,G,9,450,1.418
BWII Compounds.xlsx,052824,2024-05-31,G10,G,10,450,1.147
BWII Compounds.xlsx,052824,2024-05-31,G11,G,11,450,0.116
BWII Compounds.xlsx,052824,2024-05-31,G12,G,12,450,0.04
BWII Compounds.xlsx,052824,2024-05-31,G1,G,1,Procedure Details,0.037
BWII Compounds.xlsx,052824,2024-05-31,G2,G,2,Procedure Details,0.061
BWII Compounds.xlsx,052824,2024-05-31,G3,G,3,Procedure Details,0.067
BWII Compounds.xlsx,052824,2024-05-31,G4,G,4,Procedure Details,0.073
BWII Compounds.xlsx,052824,2024-05-31,G5,G,5,Procedure Details,0.07
BWII Compounds.xlsx,052824,2024-05-31,G6,G,6,Procedure Details,0.072
BWII Compounds.xlsx,052824,2024-05-31,G7,G,7,Procedure Details,0.063
BWII Compounds.xlsx,052824,2024-05-31,G8,G,8,Procedure Details,0.061
BWII Compounds.xlsx,052824,2024-05-31,G9,G,9,Procedure Details,0.063
BWII Compounds.xlsx,052824,2024-05-31,G10,G,10,Procedure Details,0.056
BWII Compounds.xlsx,052824,2024-05-31,G11,G,11,Procedure Details,0.064
BWII Compounds.xlsx,052824,2024-05-31,G12,G,12,Procedure Details,0.036
BWII Compounds.xlsx,052824,2024-05-31,G1,G,1,96 WELL PLATE,0.002
BWII Compounds.xlsx,052824,2024-05-31,G2,G,2,96 WELL PLATE,1.127
BWII Compounds.xlsx,052824,2024-05-31,G3,G,3,96 WELL PLATE,1.122
BWII Compounds.xlsx,052824,2024-05-31,G4,G,4,96 WELL PLATE,1.356
BWII Compounds.xlsx,052824,2024-05-31,G5,G,5,96 WELL PLATE,1.135
BWII Compounds.xlsx,052824,2024-05-31,G6,G,6,96 WELL PLATE,0.947
BWII Compounds.xlsx,052824,2024-05-31,G7,G,7,96 WELL PLATE,1.04
BWII Compounds.xlsx,052824,2024-05-31,G8,G,8,96 WELL PLATE,1.117
BWII Compounds.xlsx,052824,2024-05-31,G9,G,9,96 WELL PLATE,1.355
BWII Compounds.xlsx,052824,2024-05-31,G10,G,10,96 WELL PLATE,1.091
BWII Compounds.xlsx,052824,2024-05-31,G11,G,11,96 WELL PLATE,0.052
BWII Compounds.xlsx,052824,2024-05-31,G12,G,12,96 WELL PLATE,0.003
BWII Compounds.xlsx,052824,2024-05-31,H1,H,1,Eject plate on completion,0.041
BWII Compounds.xlsx,052824,2024-05-31,H2,H,2,Eject plate on completion,0.041
BWII Compounds.xlsx,052824,2024-05-31,H3,H,3,Eject plate on completion,0.04
BWII Compounds.xlsx,052824,2024-05-31,H4,H,4,Eject plate on completion,0.043
BWII Compounds.xlsx,052824,2024-05-31,H5,H,5,Eject plate on completion,0.042
BWII Compounds.xlsx,052824,2024-05-31,H6,H,6,Eject plate on completion,0.042
BWII Compounds.xlsx,052824,2024-05-31,H7,H,7,Eject plate on completion,0.04
BWII Compounds.xlsx,052824,2024-05-31,H8,H,8,Eject plate on completion,0.041
BWII Compounds.xlsx,052824,2024-05-31,H9,H,9,Eject plate on completion,0.039
BWII Compounds.xlsx,052824,2024-05-31,H10,H,10,Eject plate on completion,0.04
BWII Compounds.xlsx,052824,2024-05-31,H11,H,11,Eject plate on completion,0.041
BWII Compounds.xlsx,052824,2024-05-31,H12,H,12,Eject plate on completion,0.04
BWII Compounds.xlsx,052824,2024-05-31,H1,H,1,Absorbance Endpoint,0.035
BWII Compounds.xlsx,052824,2024-05-31,H2,H,2,Absorbance Endpoint,0.038
BWII Compounds.xlsx,052824,2024-05-31,H3,H,3,Absorbance Endpoint,0.038
BWII Compounds.xlsx,052824,2024-05-31,H4,H,4,Absorbance Endpoint,0.036
BWII Compounds.xlsx,052824,2024-05-31,H5,H,5,Absorbance Endpoint,0.035
BWII Compounds.xlsx,052824,2024-05-31,H6,H,6,Absorbance Endpoint,0.039
BWII Compounds.xlsx,052824,2024-05-31,H7,H,7,Absorbance Endpoint,0.038
BWII Compounds.xlsx,052824,2024-05-31,H8,H,8,Absorbance Endpoint,0.036
BWII Compounds.xlsx,052824,2024-05-31,H9,H,9,Absorbance Endpoint,0.037
BWII Compounds.xlsx,052824,2024-05-31,H10,H,10,Absorbance Endpoint,0.038
BWII Compounds.xlsx,052824,2024-05-31,H11,H,11,Absorbance Endpoint,0.038
BWII Compounds.xlsx,052824,2024-05-31,H12,H,12,Absorbance Endpoint,0.037
BWII Compounds.xlsx,052824,2024-05-31,H1,H,1,Full Plate,0.005
BWII Compounds.xlsx,052824,2024-05-31,H2,H,2,Full Plate,0.004
BWII Compounds.xlsx,052824,2024-05-31,H3,H,3,Full Plate,0.002
BWII Compounds.xlsx,052824,2024-05-31,H4,H,4,Full Plate,0.006
BWII Compounds.xlsx,052824,2024-05-31,H5,H,5,Full Plate,0.007
BWII Compounds.xlsx,052824,2024-05-31,H6,H,6,Full Plate,0.003
BWII Compounds.xlsx,052824,2024-05-31,H7,H,7,Full Plate,0.002
BWII Compounds.xlsx,052824,2024-05-31,H8,H,8,Full Plate,0.005
BWII Compounds.xlsx,052824,2024-05-31,H9,H,9,Full Plate,0.002
BWII Compounds.xlsx,052824,2024-05-31,H10,H,10,Full Plate,0.001
BWII Compounds.xlsx,052824,2024-05-31,H11,H,11,Full Plate,0.004
BWII Compounds.xlsx,052824,2024-05-31,H12,H,12,Full Plate,0.003
BWII Compounds.xlsx,053124,2024-06-03,A1,A,1,450,0.039
BWII Compounds.xlsx,053124,2024-06-03,A2,A,2,450,0.039
BWII Compounds.xlsx,053124,2024-06-03,A3,A,3,450,0.04
BWII Compounds.xlsx,053124,2024-06-03,A4,A,4,450,0.042
BWII Compounds.xlsx,053124,2024-06-03,A5,A,5,450,0.041
BWII Compounds.xlsx,053124,2024-06-03,A6,A,6,450,0.04
BWII Compounds.xlsx,053124,2024-06-03,A7,A,7,450,0.04
BWII Compounds.xlsx,053124,2024-06-03,A8,A,8,450,0.038
BWII Compounds.xlsx,053124,2024-06-03,A9,A,9,450,0.038
BWII Compounds.xlsx,053124,2024-06-03,A10,A,10,450,0.039
BWII Compounds.xlsx,053124,2024-06-03,A11,A,11,450,0.04
BWII Compounds.xlsx,053124,2024-06-03,A12,A,12,450,0.039
BWII Compounds.xlsx,053124,2024-06-03,A1,A,1,450,0.041
BWII Compounds.xlsx,053124,2024-06-03,A2,A,2,450,0.042
BWII Compounds.xlsx,053124,2024-06-03,A3,A,3,450,0.043
BWII Compounds.xlsx,053124,2024-06-03,A4,A,4,450,0.04
BWII Compounds.xlsx,053124,2024-06-03,A5,A,5,450,0.04
BWII Compounds.xlsx,053124,2024-06-03,A6,A,6,450,0.041
BWII Compounds.xlsx,053124,2024-06-03,A7,A,7,450,0.041
BWII Compounds.xlsx,053124,2024-06-03,A8,A,8,450,0.041
BWII Compounds.xlsx,053124,2024-06-03,A9,A,9,450,0.041
BWII Compounds.xlsx,053124,2024-06-03,A10,A,10,450,0.041
BWII Compounds.xlsx,053124,2024-06-03,A11,A,11,450,0.041
BWII Compounds.xlsx,053124,2024-06-03,A12,A,12,450,0.04
BWII Compounds.xlsx,053124,2024-06-03,A1,A,1,650,0.036
BWII Compounds.xlsx,053124,2024-06-03,A2,A,2,650,0.038
BWII Compounds.xlsx,053124,2024-06-03,A3,A,3,650,0.036
BWII Compounds.xlsx,053124,2024-06-03,A4,A,4,650,0.035
BWII Compounds.xlsx,053124,2024-06-03,A5,A,5,650,0.037
BWII Compounds.xlsx,053124,2024-06-03,A6,A,6,650,0.038
BWII Compounds.xlsx,053124,2024-06-03,A7,A,7,650,0.038
BWII Compounds.xlsx,053124,2024-06-03,A8,A,8,650,0.038
BWII Compounds.xlsx,053124,2024-06-03,A9,A,9,650,0.038
BWII Compounds.xlsx,053124,2024-06-03,A10,A,10,650,0.038
BWII Compounds.xlsx,053124,2024-06-03,A11,A,11,650,0.035
BWII Compounds.xlsx,053124,2024-06-03,A12,A,12,650,0.037
BWII Compounds.xlsx,053124,2024-06-03,A1,A,1,650,0.038
BWII Compounds.xlsx,053124,2024-06-03,A2,A,2,650,0.039
BWII Compounds.xlsx,053124,2024-06-03,A3,A,3,650,0.036
BWII Compounds.xlsx,053124,2024-06-03,A4,A,4,650,0.039
BWII Compounds.xlsx,053124,2024-06-03,A5,A,5,650,0.035
BWII Compounds.xlsx,053124,2024-06-03,A6,A,6,650,0.037
BWII Compounds.xlsx,053124,2024-06-03,A7,A,7,650,0.038
BWII Compounds.xlsx,053124,2024-06-03,A8,A,8,650,0.039
BWII Compounds.xlsx,053124,2024-06-03,A9,A,9,650,0.04
BWII Compounds.xlsx,053124,2024-06-03,A10,A,10,650,0.036
BWII Compounds.xlsx,053124,2024-06-03,A11,A,11,650,0.035
BWII Compounds.xlsx,053124,2024-06-03,A12,A,12,650,0.035
BWII Compounds.xlsx,053124,2024-06-03,A1,A,1,Delta,0.003
BWII Compounds.xlsx,053124,2024-06-03,A2,A,2,Delta,0.0
BWII Compounds.xlsx,053124,2024-06-03,A3,A,3,Delta,0.003
BWII Compounds.xlsx,053124,2024-06-03,A4,A,4,Delta,0.007
BWII Compounds.xlsx,053124,2024-06-03,A5,A,5,Delta,0.004
BWII Compounds.xlsx,053124,2024-06-03,A6,A,6,Delta,0.002
BWII Compounds.xlsx,053124,2024-06-03,A7,A,7,Delta,0.002
BWII Compounds.xlsx,053124,2024-06-03,A8,A,8,Delta,0.001
BWII Compounds.xlsx,053124,2024-06-03,A9,A,9,Delta,0.001
BWII Compounds.xlsx,053124,2024-06-03,A10,A,10,Delta,0.001
BWII Compounds.xlsx,053124,2024-06-03,A11,A,11,Delta,0.005
BWII Compounds.xlsx,053124,2024-06-03,A12,A,12,Delta,0.002
BWII Compounds.xlsx,053124,2024-06-03,A1,A,1,Delta,0.004
BWII Compounds.xlsx,053124,2024-06-03,A2,A,2,Delta,0.003
BWII Compounds.xlsx,053124,2024-06-03,A3,A,3,Delta,0.006
BWII Compounds.xlsx,053124,2024-06-03,A4,A,4,Delta,0.001
BWII Compounds.xlsx,053124,2024-06-03,A5,A,5,Delta,0.005
BWII Compounds.xlsx,053124,2024-06-03,A6,A,6,Delta,0.004
BWII Compounds.xlsx,053124,2024-06-03,A7,A,7,Delta,0.003
BWII Compounds.xlsx,053124,2024-06-03,A8,A,8,Delta,0.002
BWII Compounds.xlsx,053124,2024-06-03,A9,A,9,Delta,0.001
BWII Compounds.xlsx,053124,2024-06-03,A10,A,10,Delta,0.005
BWII Compounds.xlsx,053124,2024-06-03,A11,A,11,Delta,0.005
BWII Compounds.xlsx,053124,2024-06-03,A12,A,12,Delta,0.005
BWII Compounds.xlsx,053124,2024-06-03,B1,B,1,450,0.04
BWII Compounds.xlsx,053124,2024-06-03,B2,B,2,450,1.695
BWII Compounds.xlsx,053124,2024-06-03,B3,B,3,450,1.907
BWII Compounds.xlsx,053124,2024-06-03,B4,B,4,450,2.089
BWII Compounds.xlsx,053124,2024-06-03,B5,B,5,450,1.912
BWII Compounds.xlsx,053124,2024-06-03,B6,B,6,450,2.087
BWII Compounds.xlsx,053124,2024-06-03,B7,B,7,450,1.959
BWII Compounds.xlsx,053124,2024-06-03,B8,B,8,450,1.899
BWII Compounds.xlsx,053124,2024-06-03,B9,B,9,450,1.98
BWII Compounds.xlsx,053124,2024-06-03,B10,B,10,450,1.798
BWII Compounds.xlsx,053124,2024-06-03,B11,B,11,450,0.523
BWII Compounds.xlsx,053124,2024-06-03,B12,B,12,450,0.042
BWII Compounds.xlsx,053124,2024-06-03,B1,B,1,450,0.042
BWII Compounds.xlsx,053124,2024-06-03,B2,B,2,450,1.173
BWII Compounds.xlsx,053124,2024-06-03,B3,B,3,450,1.549
BWII Compounds.xlsx,053124,2024-06-03,B4,B,4,450,1.528
BWII Compounds.xlsx,053124,2024-06-03,B5,B,5,450,1.348
BWII Compounds.xlsx,053124,2024-06-03,B6,B,6,450,1.663
BWII Compounds.xlsx,053124,2024-06-03,B7,B,7,450,1.638
BWII Compounds.xlsx,053124,2024-06-03,B8,B,8,450,1.631
BWII Compounds.xlsx,053124,2024-06-03,B9,B,9,450,1.239
BWII Compounds.xlsx,053124,2024-06-03,B10,B,10,450,1.216
BWII Compounds.xlsx,053124,2024-06-03,B11,B,11,450,0.297
BWII Compounds.xlsx,053124,2024-06-03,B12,B,12,450,0.04
BWII Compounds.xlsx,053124,2024-06-03,B1,B,1,650,0.039
BWII Compounds.xlsx,053124,2024-06-03,B2,B,2,650,0.069
BWII Compounds.xlsx,053124,2024-06-03,B3,B,3,650,0.062
BWII Compounds.xlsx,053124,2024-06-03,B4,B,4,650,0.061
BWII Compounds.xlsx,053124,2024-06-03,B5,B,5,650,0.062
BWII Compounds.xlsx,053124,2024-06-03,B6,B,6,650,0.063
BWII Compounds.xlsx,053124,2024-06-03,B7,B,7,650,0.063
BWII Compounds.xlsx,053124,2024-06-03,B8,B,8,650,0.062
BWII Compounds.xlsx,053124,2024-06-03,B9,B,9,650,0.063
BWII Compounds.xlsx,053124,2024-06-03,B10,B,10,650,0.06
BWII Compounds.xlsx,053124,2024-06-03,B11,B,11,650,0.055
BWII Compounds.xlsx,053124,2024-06-03,B12,B,12,650,0.037
BWII Compounds.xlsx,053124,2024-06-03,B1,B,1,650,0.04
BWII Compounds.xlsx,053124,2024-06-03,B2,B,2,650,0.078
BWII Compounds.xlsx,053124,2024-06-03,B3,B,3,650,0.075
BWII Compounds.xlsx,053124,2024-06-03,B4,B,4,650,0.078
BWII Compounds.xlsx,053124,2024-06-03,B5,B,5,650,0.071
BWII Compounds.xlsx,053124,2024-06-03,B6,B,6,650,0.072
BWII Compounds.xlsx,053124,2024-06-03,B7,B,7,650,0.079
BWII Compounds.xlsx,053124,2024-06-03,B8,B,8,650,0.084
BWII Compounds.xlsx,053124,2024-06-03,B9,B,9,650,0.067
BWII Compounds.xlsx,053124,2024-06-03,B10,B,10,650,0.07
BWII Compounds.xlsx,053124,2024-06-03,B11,B,11,650,0.086
BWII Compounds.xlsx,053124,2024-06-03,B12,B,12,650,0.035
BWII Compounds.xlsx,053124,2024-06-03,B1,B,1,Delta,0.001
BWII Compounds.xlsx,053124,2024-06-03,B2,B,2,Delta,1.626
BWII Compounds.xlsx,053124,2024-06-03,B3,B,3,Delta,1.846
BWII Compounds.xlsx,053124,2024-06-03,B4,B,4,Delta,2.028
BWII Compounds.xlsx,053124,2024-06-03,B5,B,5,Delta,1.85
BWII Compounds.xlsx,053124,2024-06-03,B6,B,6,Delta,2.023
BWII Compounds.xlsx,053124,2024-06-03,B7,B,7,Delta,1.896
BWII Compounds.xlsx,053124,2024-06-03,B8,B,8,Delta,1.837
BWII Compounds.xlsx,053124,2024-06-03,B9,B,9,Delta,1.917
BWII Compounds.xlsx,053124,2024-06-03,B10,B,10,Delta,1.737
BWII Compounds.xlsx,053124,2024-06-03,B11,B,11,Delta,0.468
BWII Compounds.xlsx,053124,2024-06-03,B12,B,12,Delta,0.004
BWII Compounds.xlsx,053124,2024-06-03,B1,B,1,Delta,0.003
BWII Compounds.xlsx,053124,2024-06-03,B2,B,2,Delta,1.095
BWII Compounds.xlsx,053124,2024-06-03,B3,B,3,Delta,1.474
BWII Compounds.xlsx,053124,2024-06-03,B4,B,4,Delta,1.449
BWII Compounds.xlsx,053124,2024-06-03,B5,B,5,Delta,1.277
BWII Compounds.xlsx,053124,2024-06-03,B6,B,6,Delta,1.591
BWII Compounds.xlsx,053124,2024-06-03,B7,B,7,Delta,1.559
BWII Compounds.xlsx,053124,2024-06-03,B8,B,8,Delta,1.548
BWII Compounds.xlsx,053124,2024-06-03,B9,B,9,Delta,1.172
BWII Compounds.xlsx,053124,2024-06-03,B10,B,10,Delta,1.146
BWII Compounds.xlsx,053124,2024-06-03,B11,B,11,Delta,0.211
BWII Compounds.xlsx,053124,2024-06-03,B12,B,12,Delta,0.005
BWII Compounds.xlsx,053124,2024-06-03,C1,C,1,450,0.04
BWII Compounds.xlsx,053124,2024-06-03,C2,C,2,450,1.923
BWII Compounds.xlsx,053124,2024-06-03,C3,C,3,450,1.993
BWII Compounds.xlsx,053124,2024-06-03,C4,C,4,450,1.869
BWII Compounds.xlsx,053124,2024-06-03,C5,C,5,450,1.602
BWII Compounds.xlsx,053124,2024-06-03,C6,C,6,450,2.09
BWII Compounds.xlsx,053124,2024-06-03,C7,C,7,450,2.075
BWII Compounds.xlsx,053124,2024-06-03,C8,C,8,450,1.706
BWII Compounds.xlsx,053124,2024-06-03,C9,C,9,450,1.902
BWII Compounds.xlsx,053124,2024-06-03,C10,C,10,450,1.843
BWII Compounds.xlsx,053124,2024-06-03,C11,C,11,450,0.585
BWII Compounds.xlsx,053124,2024-06-03,C12,C,12,450,0.042
BWII Compounds.xlsx,053124,2024-06-03,C1,C,1,450,0.042
BWII Compounds.xlsx,053124,2024-06-03,C2,C,2,450,1.709
BWII Compounds.xlsx,053124,2024-06-03,C3,C,3,450,1.379
BWII Compounds.xlsx,053124,2024-06-03,C4,C,4,450,1.675
BWII Compounds.xlsx,053124,2024-06-03,C5,C,5,450,1.441
BWII Compounds.xlsx,053124,2024-06-03,C6,C,6,450,1.591
BWII Compounds.xlsx,053124,2024-06-03,C7,C,7,450,1.602
BWII Compounds.xlsx,053124,2024-06-03,C8,C,8,450,1.44
BWII Compounds.xlsx,053124,2024-06-03,C9,C,9,450,1.42
BWII Compounds.xlsx,053124,2024-06-03,C10,C,10,450,1.394
BWII Compounds.xlsx,053124,2024-06-03,C11,C,11,450,0.38
BWII Compounds.xlsx,053124,2024-06-03,C12,C,12,450,0.04
BWII Compounds.xlsx,053124,2024-06-03,C1,C,1,650,0.037
BWII Compounds.xlsx,053124,2024-06-03,C2,C,2,650,0.066
BWII Compounds.xlsx,053124,2024-06-03,C3,C,3,650,0.064
BWII Compounds.xlsx,053124,2024-06-03,C4,C,4,650,0.065
BWII Compounds.xlsx,053124,2024-06-03,C5,C,5,650,0.058
BWII Compounds.xlsx,053124,2024-06-03,C6,C,6,650,0.061
BWII Compounds.xlsx,053124,2024-06-03,C7,C,7,650,0.059
BWII Compounds.xlsx,053124,2024-06-03,C8,C,8,650,0.058
BWII Compounds.xlsx,053124,2024-06-03,C9,C,9,650,0.071
BWII Compounds.xlsx,053124,2024-06-03,C10,C,10,650,0.068
BWII Compounds.xlsx,053124,2024-06-03,C11,C,11,650,0.052
BWII Compounds.xlsx,053124,2024-06-03,C12,C,12,650,0.039
BWII Compounds.xlsx,053124,2024-06-03,C1,C,1,650,0.04
BWII Compounds.xlsx,053124,2024-06-03,C2,C,2,650,0.069
BWII Compounds.xlsx,053124,2024-06-03,C3,C,3,650,0.069
BWII Compounds.xlsx,053124,2024-06-03,C4,C,4,650,0.079
BWII Compounds.xlsx,053124,2024-06-03,C5,C,5,650,0.062
BWII Compounds.xlsx,053124,2024-06-03,C6,C,6,650,0.066
BWII Compounds.xlsx,053124,2024-06-03,C7,C,7,650,0.07
BWII Compounds.xlsx,053124,2024-06-03,C8,C,8,650,0.063
BWII Compounds.xlsx,053124,2024-06-03,C9,C,9,650,0.073
BWII Compounds.xlsx,053124,2024-06-03,C10,C,10,650,0.082
BWII Compounds.xlsx,053124,2024-06-03,C11,C,11,650,0.095
BWII Compounds.xlsx,053124,2024-06-03,C12,C,12,650,0.037
BWII Compounds.xlsx,053124,2024-06-03,C1,C,1,Delta,0.003
BWII Compounds.xlsx,053124,2024-06-03,C2,C,2,Delta,1.857
BWII Compounds.xlsx,053124,2024-06-03,C3,C,3,Delta,1.928
BWII Compounds.xlsx,053124,2024-06-03,C4,C,4,Delta,1.804
BWII Compounds.xlsx,053124,2024-06-03,C5,C,5,Delta,1.544
BWII Compounds.xlsx,053124,2024-06-03,C6,C,6,Delta,2.03
BWII Compounds.xlsx,053124,2024-06-03,C7,C,7,Delta,2.015
BWII Compounds.xlsx,053124,2024-06-03,C8,C,8,Delta,1.647
BWII Compounds.xlsx,053124,2024-06-03,C9,C,9,Delta,1.831
BWII Compounds.xlsx,053124,2024-06-03,C10,C,10,Delta,1.774
BWII Compounds.xlsx,053124,2024-06-03,C11,C,11,Delta,0.533
BWII Compounds.xlsx,053124,2024-06-03,C12,C,12,Delta,0.003
BWII Compounds.xlsx,053124,2024-06-03,C1,C,1,Delta,0.002
BWII Compounds.xlsx,053124,2024-06-03,C2,C,2,Delta,1.64
BWII Compounds.xlsx,053124,2024-06-03,C3,C,3,Delta,1.311
BWII Compounds.xlsx,053124,2024-06-03,C4,C,4,Delta,1.596
BWII Compounds.xlsx,053124,2024-06-03,C5,C,5,Delta,1.379
BWII Compounds.xlsx,053124,2024-06-03,C6,C,6,Delta,1.525
BWII Compounds.xlsx,053124,2024-06-03,C7,C,7,Delta,1.532
BWII Compounds.xlsx,053124,2024-06-03,C8,C,8,Delta,1.378
BWII Compounds.xlsx,053124,2024-06-03,C9,C,9,Delta,1.347
BWII Compounds.xlsx,053124,2024-06-03,C10,C,10,Delta,1.312
BWII Compounds.xlsx,053124,2024-06-03,C11,C,11,Delta,0.284
BWII Compounds.xlsx,053124,2024-06-03,C12,C,12,Delta,0.003
BWII Compounds.xlsx,053124,2024-06-03,D1,D,1,450,0.04
BWII Compounds.xlsx,053124,2024-06-03,D2,D,2,450,1.872
BWII Compounds.xlsx,053124,2024-06-03,D3,D,3,450,1.699
BWII Compounds.xlsx,053124,2024-06-03,D4,D,4,450,1.945
BWII Compounds.xlsx,053124,2024-06-03,D5,D,5,450,1.871
BWII Compounds.xlsx,053124,2024-06-03,D6,D,6,450,2.008
BWII Compounds.xlsx,053124,2024-06-03,D7,D,7,450,1.654
BWII Compounds.xlsx,053124,2024-06-03,D8,D,8,450,1.985
BWII Compounds.xlsx,053124,2024-06-03,D9,D,9,450,1.804
BWII Compounds.xlsx,053124,2024-06-03,D10,D,10,450,2.08
BWII Compounds.xlsx,053124,2024-06-03,D11,D,11,450,0.397
BWII Compounds.xlsx,053124,2024-06-03,D12,D,12,450,0.04
BWII Compounds.xlsx,053124,2024-06-03,D1,D,1,450,0.04
BWII Compounds.xlsx,053124,2024-06-03,D2,D,2,450,1.205
BWII Compounds.xlsx,053124,2024-06-03,D3,D,3,450,1.398
BWII Compounds.xlsx,053124,2024-06-03,D4,D,4,450,1.318
BWII Compounds.xlsx,053124,2024-06-03,D5,D,5,450,0.886
BWII Compounds.xlsx,053124,2024-06-03,D6,D,6,450,1.263
BWII Compounds.xlsx,053124,2024-06-03,D7,D,7,450,1.427
BWII Compounds.xlsx,053124,2024-06-03,D8,D,8,450,1.211
BWII Compounds.xlsx,053124,2024-06-03,D9,D,9,450,1.294
BWII Compounds.xlsx,053124,2024-06-03,D10,D,10,450,1.659
BWII Compounds.xlsx,053124,2024-06-03,D11,D,11,450,0.359
BWII Compounds.xlsx,053124,2024-06-03,D12,D,12,450,0.04
BWII Compounds.xlsx,053124,2024-06-03,D1,D,1,650,0.037
BWII Compounds.xlsx,053124,2024-06-03,D2,D,2,650,0.068
BWII Compounds.xlsx,053124,2024-06-03,D3,D,3,650,0.062
BWII Compounds.xlsx,053124,2024-06-03,D4,D,4,650,0.063
BWII Compounds.xlsx,053124,2024-06-03,D5,D,5,650,0.062
BWII Compounds.xlsx,053124,2024-06-03,D6,D,6,650,0.065
BWII Compounds.xlsx,053124,2024-06-03,D7,D,7,650,0.061
BWII Compounds.xlsx,053124,2024-06-03,D8,D,8,650,0.061
BWII Compounds.xlsx,053124,2024-06-03,D9,D,9,650,0.066
BWII Compounds.xlsx,053124,2024-06-03,D10,D,10,650,0.066
BWII Compounds.xlsx,053124,2024-06-03,D11,D,11,650,0.051
BWII Compounds.xlsx,053124,2024-06-03,D12,D,12,650,0.038
BWII Compounds.xlsx,053124,2024-06-03,D1,D,1,650,0.038
BWII Compounds.xlsx,053124,2024-06-03,D2,D,2,650,0.12
BWII Compounds.xlsx,053124,2024-06-03,D3,D,3,650,0.077
BWII Compounds.xlsx,053124,2024-06-03,D4,D,4,650,0.084
BWII Compounds.xlsx,053124,2024-06-03,D5,D,5,650,0.072
BWII Compounds.xlsx,053124,2024-06-03,D6,D,6,650,0.069
BWII Compounds.xlsx,053124,2024-06-03,D7,D,7,650,0.065
BWII Compounds.xlsx,053124,2024-06-03,D8,D,8,650,0.076
BWII Compounds.xlsx,053124,2024-06-03,D9,D,9,650,0.072
BWII Compounds.xlsx,053124,2024-06-03,D10,D,10,650,0.1
BWII Compounds.xlsx,053124,2024-06-03,D11,D,11,650,0.101
BWII Compounds.xlsx,053124,2024-06-03,D12,D,12,650,0.038
BWII Compounds.xlsx,053124,2024-06-03,D1,D,1,Delta,0.003
BWII Compounds.xlsx,053124,2024-06-03,D2,D,2,Delta,1.804
BWII Compounds.xlsx,053124,2024-06-03,D3,D,3,Delta,1.637
BWII Compounds.xlsx,053124,2024-06-03,D4,D,4,Delta,1.882
BWII Compounds.xlsx,053124,2024-06-03,D5,D,5,Delta,1.809
BWII Compounds.xlsx,053124,2024-06-03,D6,D,6,Delta,1.943
BWII Compounds.xlsx,053124,2024-06-03,D7,D,7,Delta,1.593
BWII Compounds.xlsx,053124,2024-06-03,D8,D,8,Delta,1.924
BWII Compounds.xlsx,053124,2024-06-03,D9,D,9,Delta,1.739
BWII Compounds.xlsx,053124,2024-06-03,D10,D,10,Delta,2.014
BWII Compounds.xlsx,053124,2024-06-03,D11,D,11,Delta,0.346
BWII Compounds.xlsx,053124,2024-06-03,D12,D,12,Delta,0.002
BWII Compounds.xlsx,053124,2024-06-03,D1,D,1,Delta,0.002
BWII Compounds.xlsx,053124,2024-06-03,D2,D,2,Delta,1.085
BWII Compounds.xlsx,053124,2024-06-03,D3,D,3,Delta,1.321
BWII Compounds.xlsx,053124,2024-06-03,D4,D,4,Delta,1.234
BWII Compounds.xlsx,053124,2024-06-03,D5,D,5,Delta,0.814
BWII Compounds.xlsx,053124,2024-06-03,D6,D,6,Delta,1.195
BWII Compounds.xlsx,053124,2024-06-03,D7,D,7,Delta,1.362
BWII Compounds.xlsx,053124,2024-06-03,D8,D,8,Delta,1.135
BWII Compounds.xlsx,053124,2024-06-03,D9,D,9,Delta,1.222
BWII Compounds.xlsx,053124,2024-06-03,D10,D,10,Delta,1.56
BWII Compounds.xlsx,053124,2024-06-03,D11,D,11,Delta,0.258
BWII Compounds.xlsx,053124,2024-06-03,D12,D,12,Delta,0.002
BWII Compounds.xlsx,053124,2024-06-03,E1,E,1,450,0.039
BWII Compounds.xlsx,053124,2024-06-03,E2,E,2,450,1.735
BWII Compounds.xlsx,053124,2024-06-03,E3,E,3,450,1.808
BWII Compounds.xlsx,053124,2024-06-03,E4,E,4,450,1.562
BWII Compounds.xlsx,053124,2024-06-03,E5,E,5,450,1.517
BWII Compounds.xlsx,053124,2024-06-03,E6,E,6,450,2.053
BWII Compounds.xlsx,053124,2024-06-03,E7,E,7,450,1.916
BWII Compounds.xlsx,053124,2024-06-03,E8,E,8,450,1.548
BWII Compounds.xlsx,053124,2024-06-03,E9,E,9,450,1.884
BWII Compounds.xlsx,053124,2024-06-03,E10,E,10,450,1.337
BWII Compounds.xlsx,053124,2024-06-03,E11,E,11,450,0.231
BWII Compounds.xlsx,053124,2024-06-03,E12,E,12,450,0.042
BWII Compounds.xlsx,053124,2024-06-03,E1,E,1,450,0.039
BWII Compounds.xlsx,053124,2024-06-03,E2,E,2,450,0.041
BWII Compounds.xlsx,053124,2024-06-03,E3,E,3,450,0.041
BWII Compounds.xlsx,053124,2024-06-03,E4,E,4,450,0.041
BWII Compounds.xlsx,053124,2024-06-03,E5,E,5,450,0.041
BWII Compounds.xlsx,053124,2024-06-03,E6,E,6,450,0.04
BWII Compounds.xlsx,053124,2024-06-03,E7,E,7,450,0.04
BWII Compounds.xlsx,053124,2024-06-03,E8,E,8,450,0.05
BWII Compounds.xlsx,053124,2024-06-03,E9,E,9,450,0.039
BWII Compounds.xlsx,053124,2024-06-03,E10,E,10,450,0.04
BWII Compounds.xlsx,053124,2024-06-03,E11,E,11,450,0.042
BWII Compounds.xlsx,053124,2024-06-03,E12,E,12,450,0.044
BWII Compounds.xlsx,053124,2024-06-03,E1,E,1,650,0.037
BWII Compounds.xlsx,053124,2024-06-03,E2,E,2,650,0.061
BWII Compounds.xlsx,053124,2024-06-03,E3,E,3,650,0.063
BWII Compounds.xlsx,053124,2024-06-03,E4,E,4,650,0.057
BWII Compounds.xlsx,053124,2024-06-03,E5,E,5,650,0.062
BWII Compounds.xlsx,053124,2024-06-03,E6,E,6,650,0.064
BWII Compounds.xlsx,053124,2024-06-03,E7,E,7,650,0.067
BWII Compounds.xlsx,053124,2024-06-03,E8,E,8,650,0.068
BWII Compounds.xlsx,053124,2024-06-03,E9,E,9,650,0.069
BWII Compounds.xlsx,053124,2024-06-03,E10,E,10,650,0.073
BWII Compounds.xlsx,053124,2024-06-03,E11,E,11,650,0.05
BWII Compounds.xlsx,053124,2024-06-03,E12,E,12,650,0.042
BWII Compounds.xlsx,053124,2024-06-03,E1,E,1,650,0.035
BWII Compounds.xlsx,053124,2024-06-03,E2,E,2,650,0.037
BWII Compounds.xlsx,053124,2024-06-03,E3,E,3,650,0.036
BWII Compounds.xlsx,053124,2024-06-03,E4,E,4,650,0.037
BWII Compounds.xlsx,053124,2024-06-03,E5,E,5,650,0.036
BWII Compounds.xlsx,053124,2024-06-03,E6,E,6,650,0.035
BWII Compounds.xlsx,053124,2024-06-03,E7,E,7,650,0.036
BWII Compounds.xlsx,053124,2024-06-03,E8,E,8,650,0.044
BWII Compounds.xlsx,053124,2024-06-03,E9,E,9,650,0.039
BWII Compounds.xlsx,053124,2024-06-03,E10,E,10,650,0.039
BWII Compounds.xlsx,053124,2024-06-03,E11,E,11,650,0.037
BWII Compounds.xlsx,053124,2024-06-03,E12,E,12,650,0.041
BWII Compounds.xlsx,053124,2024-06-03,E1,E,1,Delta,0.002
BWII Compounds.xlsx,053124,2024-06-03,E2,E,2,Delta,1.675
BWII Compounds.xlsx,053124,2024-06-03,E3,E,3,Delta,1.744
BWII Compounds.xlsx,053124,2024-06-03,E4,E,4,Delta,1.505
BWII Compounds.xlsx,053124,2024-06-03,E5,E,5,Delta,1.455
BWII Compounds.xlsx,053124,2024-06-03,E6,E,6,Delta,1.989
BWII Compounds.xlsx,053124,2024-06-03,E7,E,7,Delta,1.85
BWII Compounds.xlsx,053124,2024-06-03,E8,E,8,Delta,1.48
BWII Compounds.xlsx,053124,2024-06-03,E9,E,9,Delta,1.815
BWII Compounds.xlsx,053124,2024-06-03,E10,E,10,Delta,1.263
BWII Compounds.xlsx,053124,2024-06-03,E11,E,11,Delta,0.181
BWII Compounds.xlsx,053124,2024-06-03,E12,E,12,Delta,0.0
BWII Compounds.xlsx,053124,2024-06-03,E1,E,1,Delta,0.003
BWII Compounds.xlsx,053124,2024-06-03,E2,E,2,Delta,0.004
BWII Compounds.xlsx,053124,2024-06-03,E3,E,3,Delta,0.005
BWII Compounds.xlsx,053124,2024-06-03,E4,E,4,Delta,0.004
BWII Compounds.xlsx,053124,2024-06-03,E5,E,5,Delta,0.005
BWII Compounds.xlsx,053124,2024-06-03,E6,E,6,Delta,0.005
BWII Compounds.xlsx,053124,2024-06-03,E7,E,7,Delta,0.004
BWII Compounds.xlsx,053124,2024-06-03,E8,E,8,Delta,0.006
BWII Compounds.xlsx,053124,2024-06-03,E9,E,9,Delta,0.001
BWII Compounds.xlsx,053124,2024-06-03,E10,E,10,Delta,0.001
BWII Compounds.xlsx,053124,2024-06-03,E11,E,11,Delta,0.004
BWII Compounds.xlsx,053124,2024-06-03,E12,E,12,Delta,0.003
BWII Compounds.xlsx,053124,2024-06-03,F1,F,1,450,0.039
BWII Compounds.xlsx,053124,2024-06-03,F2,F,2,450,1.716
BWII Compounds.xlsx,053124,2024-06-03,F3,F,3,450,1.945
BWII Compounds.xlsx,053124,2024-06-03,F4,F,4,450,1.457
BWII Compounds.xlsx,053124,2024-06-03,F5,F,5,450,1.506
BWII Compounds.xlsx,053124,2024-06-03,F6,F,6,450,1.752
BWII Compounds.xlsx,053124,2024-06-03,F7,F,7,450,1.686
BWII Compounds.xlsx,053124,2024-06-03,F8,F,8,450,1.699
BWII Compounds.xlsx,053124,2024-06-03,F9,F,9,450,1.616
BWII Compounds.xlsx,053124,2024-06-03,F10,F,10,450,1.66
BWII Compounds.xlsx,053124,2024-06-03,F11,F,11,450,0.244
BWII Compounds.xlsx,053124,2024-06-03,F12,F,12,450,0.04
BWII Compounds.xlsx,053124,2024-06-03,F1,F,1,450,0.048
BWII Compounds.xlsx,053124,2024-06-03,F2,F,2,450,0.051
BWII Compounds.xlsx,053124,2024-06-03,F3,F,3,450,0.051
BWII Compounds.xlsx,053124,2024-06-03,F4,F,4,450,0.051
BWII Compounds.xlsx,053124,2024-06-03,F5,F,5,450,0.049
BWII Compounds.xlsx,053124,2024-06-03,F6,F,6,450,0.049
BWII Compounds.xlsx,053124,2024-06-03,F7,F,7,450,0.051
BWII Compounds.xlsx,053124,2024-06-03,F8,F,8,450,0.05
BWII Compounds.xlsx,053124,2024-06-03,F9,F,9,450,0.052
BWII Compounds.xlsx,053124,2024-06-03,F10,F,10,450,0.049
BWII Compounds.xlsx,053124,2024-06-03,F11,F,11,450,0.05
BWII Compounds.xlsx,053124,2024-06-03,F12,F,12,450,0.05
BWII Compounds.xlsx,053124,2024-06-03,F1,F,1,650,0.037
BWII Compounds.xlsx,053124,2024-06-03,F2,F,2,650,0.061
BWII Compounds.xlsx,053124,2024-06-03,F3,F,3,650,0.057
BWII Compounds.xlsx,053124,2024-06-03,F4,F,4,650,0.059
BWII Compounds.xlsx,053124,2024-06-03,F5,F,5,650,0.065
BWII Compounds.xlsx,053124,2024-06-03,F6,F,6,650,0.063
BWII Compounds.xlsx,053124,2024-06-03,F7,F,7,650,0.061
BWII Compounds.xlsx,053124,2024-06-03,F8,F,8,650,0.055
BWII Compounds.xlsx,053124,2024-06-03,F9,F,9,650,0.065
BWII Compounds.xlsx,053124,2024-06-03,F10,F,10,650,0.074
BWII Compounds.xlsx,053124,2024-06-03,F11,F,11,650,0.05
BWII Compounds.xlsx,053124,2024-06-03,F12,F,12,650,0.038
BWII Compounds.xlsx,053124,2024-06-03,F1,F,1,650,0.043
BWII Compounds.xlsx,053124,2024-06-03,F2,F,2,650,0.045
BWII Compounds.xlsx,053124,2024-06-03,F3,F,3,650,0.044
BWII Compounds.xlsx,053124,2024-06-03,F4,F,4,650,0.042
BWII Compounds.xlsx,053124,2024-06-03,F5,F,5,650,0.044
BWII Compounds.xlsx,053124,2024-06-03,F6,F,6,650,0.044
BWII Compounds.xlsx,053124,2024-06-03,F7,F,7,650,0.045
BWII Compounds.xlsx,053124,2024-06-03,F8,F,8,650,0.045
BWII Compounds.xlsx,053124,2024-06-03,F9,F,9,650,0.046
BWII Compounds.xlsx,053124,2024-06-03,F10,F,10,650,0.045
BWII Compounds.xlsx,053124,2024-06-03,F11,F,11,650,0.044
BWII Compounds.xlsx,053124,2024-06-03,F12,F,12,650,0.047
BWII Compounds.xlsx,053124,2024-06-03,F1,F,1,Delta,0.002
BWII Compounds.xlsx,053124,2024-06-03,F2,F,2,Delta,1.655
BWII Compounds.xlsx,053124,2024-06-03,F3,F,3,Delta,1.888
BWII Compounds.xlsx,053124,2024-06-03,F4,F,4,Delta,1.397
BWII Compounds.xlsx,053124,2024-06-03,F5,F,5,Delta,1.441
BWII Compounds.xlsx,053124,2024-06-03,F6,F,6,Delta,1.689
BWII Compounds.xlsx,053124,2024-06-03,F7,F,7,Delta,1.625
BWII Compounds.xlsx,053124,2024-06-03,F8,F,8,Delta,1.644
BWII Compounds.xlsx,053124,2024-06-03,F9,F,9,Delta,1.551
BWII Compounds.xlsx,053124,2024-06-03,F10,F,10,Delta,1.586
BWII Compounds.xlsx,053124,2024-06-03,F11,F,11,Delta,0.194
BWII Compounds.xlsx,053124,2024-06-03,F12,F,12,Delta,0.002
BWII Compounds.xlsx,053124,2024-06-03,F1,F,1,Delta,0.005
BWII Compounds.xlsx,053124,2024-06-03,F2,F,2,Delta,0.006
BWII Compounds.xlsx,053124,2024-06-03,F3,F,3,Delta,0.007
BWII Compounds.xlsx,053124,2024-06-03,F4,F,4,Delta,0.009
BWII Compounds.xlsx,053124,2024-06-03,F5,F,5,Delta,0.004
BWII Compounds.xlsx,053124,2024-06-03,F6,F,6,Delta,0.005
BWII Compounds.xlsx,053124,2024-06-03,F7,F,7,Delta,0.006
BWII Compounds.xlsx,053124,2024-06-03,F8,F,8,Delta,0.005
BWII Compounds.xlsx,053124,2024-06-03,F9,F,9,Delta,0.006
BWII Compounds.xlsx,053124,2024-06-03,F10,F,10,Delta,0.004
BWII Compounds.xlsx,053124,2024-06-03,F11,F,11,Delta,0.006
BWII Compounds.xlsx,053124,2024-06-03,F12,F,12,Delta,0.004
BWII Compounds.xlsx,053124,2024-06-03,G1,G,1,450,0.041
BWII Compounds.xlsx,053124,2024-06-03,G2,G,2,450,1.743
BWII Compounds.xlsx,053124,2024-06-03,G3,G,3,450,1.662
BWII Compounds.xlsx,053124,2024-06-03,G4,G,4,450,1.985
BWII Compounds.xlsx,053124,2024-06-03,G5,G,5,450,1.612
BWII Compounds.xlsx,053124,2024-06-03,G6,G,6,450,1.734
BWII Compounds.xlsx,053124,2024-06-03,G7,G,7,450,1.841
BWII Compounds.xlsx,053124,2024-06-03,G8,G,8,450,1.462
BWII Compounds.xlsx,053124,2024-06-03,G9,G,9,450,1.72
BWII Compounds.xlsx,053124,2024-06-03,G10,G,10,450,1.915
BWII Compounds.xlsx,053124,2024-06-03,G11,G,11,450,0.245
BWII Compounds.xlsx,053124,2024-06-03,G12,G,12,450,0.04
BWII Compounds.xlsx,053124,2024-06-03,G1,G,1,450,0.053
BWII Compounds.xlsx,053124,2024-06-03,G2,G,2,450,0.051
BWII Compounds.xlsx,053124,2024-06-03,G3,G,3,450,0.05
BWII Compounds.xlsx,053124,2024-06-03,G4,G,4,450,0.05
BWII Compounds.xlsx,053124,2024-06-03,G5,G,5,450,0.052
BWII Compounds.xlsx,053124,2024-06-03,G6,G,6,450,0.057
BWII Compounds.xlsx,053124,2024-06-03,G7,G,7,450,0.051
BWII Compounds.xlsx,053124,2024-06-03,G8,G,8,450,0.051
BWII Compounds.xlsx,053124,2024-06-03,G9,G,9,450,0.052
BWII Compounds.xlsx,053124,2024-06-03,G10,G,10,450,0.052
BWII Compounds.xlsx,053124,2024-06-03,G11,G,11,450,0.051
BWII Compounds.xlsx,053124,2024-06-03,G12,G,12,450,0.05
BWII Compounds.xlsx,053124,2024-06-03,G1,G,1,650,0.036
BWII Compounds.xlsx,053124,2024-06-03,G2,G,2,650,0.066
BWII Compounds.xlsx,053124,2024-06-03,G3,G,3,650,0.06
BWII Compounds.xlsx,053124,2024-06-03,G4,G,4,650,0.064
BWII Compounds.xlsx,053124,2024-06-03,G5,G,5,650,0.061
BWII Compounds.xlsx,053124,2024-06-03,G6,G,6,650,0.062
BWII Compounds.xlsx,053124,2024-06-03,G7,G,7,650,0.065
BWII Compounds.xlsx,053124,2024-06-03,G8,G,8,650,0.062
BWII Compounds.xlsx,053124,2024-06-03,G9,G,9,650,0.067
BWII Compounds.xlsx,053124,2024-06-03,G10,G,10,650,0.066
BWII Compounds.xlsx,053124,2024-06-03,G11,G,11,650,0.049
BWII Compounds.xlsx,053124,2024-06-03,G12,G,12,650,0.039
BWII Compounds.xlsx,053124,2024-06-03,G1,G,1,650,0.045
BWII Compounds.xlsx,053124,2024-06-03,G2,G,2,650,0.045
BWII Compounds.xlsx,053124,2024-06-03,G3,G,3,650,0.044
BWII Compounds.xlsx,053124,2024-06-03,G4,G,4,650,0.045
BWII Compounds.xlsx,053124,2024-06-03,G5,G,5,650,0.046
BWII Compounds.xlsx,053124,2024-06-03,G6,G,6,650,0.05
BWII Compounds.xlsx,053124,2024-06-03,G7,G,7,650,0.045
BWII Compounds.xlsx,053124,2024-06-03,G8,G,8,650,0.046
BWII Compounds.xlsx,053124,2024-06-03,G9,G,9,650,0.045
BWII Compounds.xlsx,053124,2024-06-03,G10,G,10,650,0.045
BWII Compounds.xlsx,053124,2024-06-03,G11,G,11,650,0.044
BWII Compounds.xlsx,053124,2024-06-03,G12,G,12,650,0.043
BWII Compounds.xlsx,053124,2024-06-03,G1,G,1,Delta,0.004
BWII Compounds.xlsx,053124,2024-06-03,G2,G,2,Delta,1.677
BWII Compounds.xlsx,053124,2024-06-03,G3,G,3,Delta,1.602
BWII Compounds.xlsx,053124,2024-06-03,G4,G,4,Delta,1.921
BWII Compounds.xlsx,053124,2024-06-03,G5,G,5,Delta,1.551
BWII Compounds.xlsx,053124,2024-06-03,G6,G,6,Delta,1.672
BWII Compounds.xlsx,053124,2024-06-03,G7,G,7,Delta,1.776
BWII Compounds.xlsx,053124,2024-06-03,G8,G,8,Delta,1.4
BWII Compounds.xlsx,053124,2024-06-03,G9,G,9,Delta,1.653
BWII Compounds.xlsx,053124,2024-06-03,G10,G,10,Delta,1.849
BWII Compounds.xlsx,053124,2024-06-03,G11,G,11,Delta,0.197
BWII Compounds.xlsx,053124,2024-06-03,G12,G,12,Delta,0.001
BWII Compounds.xlsx,053124,2024-06-03,G1,G,1,Delta,0.008
BWII Compounds.xlsx,053124,2024-06-03,G2,G,2,Delta,0.006
BWII Compounds.xlsx,053124,2024-06-03,G3,G,3,Delta,0.006
BWII Compounds.xlsx,053124,2024-06-03,G4,G,4,Delta,0.005
BWII Compounds.xlsx,053124,2024-06-03,G5,G,5,Delta,0.006
BWII Compounds.xlsx,053124,2024-06-03,G6,G,6,Delta,0.006
BWII Compounds.xlsx,053124,2024-06-03,G7,G,7,Delta,0.006
BWII Compounds.xlsx,053124,2024-06-03,G8,G,8,Delta,0.005
BWII Compounds.xlsx,053124,2024-06-03,G9,G,9,Delta,0.007
BWII Compounds.xlsx,053124,2024-06-03,G10,G,10,Delta,0.007
BWII Compounds.xlsx,053124,2024-06-03,G11,G,11,Delta,0.007
BWII Compounds.xlsx,053124,2024-06-03,G12,G,12,Delta,0.006
BWII Compounds.xlsx,053124,2024-06-03,H1,H,1,450,0.038
BWII Compounds.xlsx,053124,2024-06-03,H2,H,2,450,0.039
BWII Compounds.xlsx,053124,2024-06-03,H3,H,3,450,0.04
BWII Compounds.xlsx,053124,2024-06-03,H4,H,4,450,0.04
BWII Compounds.xlsx,053124,2024-06-03,H5,H,5,450,0.039
BWII Compounds.xlsx,053124,2024-06-03,H6,H,6,450,0.04
BWII Compounds.xlsx,053124,2024-06-03,H7,H,7,450,0.04
BWII Compounds.xlsx,053124,2024-06-03,H8,H,8,450,0.04
BWII Compounds.xlsx,053124,2024-06-03,H9,H,9,450,0.042
BWII Compounds.xlsx,053124,2024-06-03,H10,H,10,450,0.039
BWII Compounds.xlsx,053124,2024-06-03,H11,H,11,450,0.038
BWII Compounds.xlsx,053124,2024-06-03,H12,H,12,450,0.04
BWII Compounds.xlsx,053124,2024-06-03,H1,H,1,450,0.049
BWII Compounds.xlsx,053124,2024-06-03,H2,H,2,450,0.051
BWII Compounds.xlsx,053124,2024-06-03,H3,H,3,450,0.051
BWII Compounds.xlsx,053124,2024-06-03,H4,H,4,450,0.05
BWII Compounds.xlsx,053124,2024-06-03,H5,H,5,450,0.051
BWII Compounds.xlsx,053124,2024-06-03,H6,H,6,450,0.053
BWII Compounds.xlsx,053124,2024-06-03,H7,H,7,450,0.051
BWII Compounds.xlsx,053124,2024-06-03,H8,H,8,450,0.051
BWII Compounds.xlsx,053124,2024-06-03,H9,H,9,450,0.051
BWII Compounds.xlsx,053124,2024-06-03,H10,H,10,450,0.052
BWII Compounds.xlsx,053124,2024-06-03,H11,H,11,450,0.052
BWII Compounds.xlsx,053124,2024-06-03,H12,H,12,450,0.051
BWII Compounds.xlsx,053124,2024-06-03,H1,H,1,650,0.037
BWII Compounds.xlsx,053124,2024-06-03,H2,H,2,650,0.035
BWII Compounds.xlsx,053124,2024-06-03,H3,H,3,650,0.036
BWII Compounds.xlsx,053124,2024-06-03,H4,H,4,650,0.037
BWII Compounds.xlsx,053124,2024-06-03,H5,H,5,650,0.038
BWII Compounds.xlsx,053124,2024-06-03,H6,H,6,650,0.038
BWII Compounds.xlsx,053124,2024-06-03,H7,H,7,650,0.037
BWII Compounds.xlsx,053124,2024-06-03,H8,H,8,650,0.036
BWII Compounds.xlsx,053124,2024-06-03,H9,H,9,650,0.035
BWII Compounds.xlsx,053124,2024-06-03,H10,H,10,650,0.035
BWII Compounds.xlsx,053124,2024-06-03,H11,H,11,650,0.038
BWII Compounds.xlsx,053124,2024-06-03,H12,H,12,650,0.036
BWII Compounds.xlsx,053124,2024-06-03,H1,H,1,650,0.042
BWII Compounds.xlsx,053124,2024-06-03,H2,H,2,650,0.044
BWII Compounds.xlsx,053124,2024-06-03,H3,H,3,650,0.047
BWII Compounds.xlsx,053124,2024-06-03,H4,H,4,650,0.047
BWII Compounds.xlsx,053124,2024-06-03,H5,H,5,650,0.044
BWII Compounds.xlsx,053124,2024-06-03,H6,H,6,650,0.048
BWII Compounds.xlsx,053124,2024-06-03,H7,H,7,650,0.045
BWII Compounds.xlsx,053124,2024-06-03,H8,H,8,650,0.043
BWII Compounds.xlsx,053124,2024-06-03,H9,H,9,650,0.048
BWII Compounds.xlsx,053124,2024-06-03,H10,H,10,650,0.045
BWII Compounds.xlsx,053124,2024-06-03,H11,H,11,650,0.047
BWII Compounds.xlsx,053124,2024-06-03,H12,H,12,650,0.047
BWII Compounds.xlsx,053124,2024-06-03,H1,H,1,Delta,0.002
BWII Compounds.xlsx,053124,2024-06-03,H2,H,2,Delta,0.004
BWII Compounds.xlsx,053124,2024-06-03,H3,H,3,Delta,0.004
BWII Compounds.xlsx,053124,2024-06-03,H4,H,4,Delta,0.003
BWII Compounds.xlsx,053124,2024-06-03,H5,H,5,Delta,0.001
BWII Compounds.xlsx,053124,2024-06-03,H6,H,6,Delta,0.001
BWII Compounds.xlsx,053124,2024-06-03,H7,H,7,Delta,0.003
BWII Compounds.xlsx,053124,2024-06-03,H8,H,8,Delta,0.003
BWII Compounds.xlsx,053124,2024-06-03,H9,H,9,Delta,0.006
BWII Compounds.xlsx,053124,2024-06-03,H10,H,10,Delta,0.004
BWII Compounds.xlsx,053124,2024-06-03,H11,H,11,Delta,0.001
BWII Compounds.xlsx,053124,2024-06-03,H12,H,12,Delta,0.004
BWII Compounds.xlsx,053124,2024-06-03,H1,H,1,Delta,0.007
BWII Compounds.xlsx,053124,2024-06-03,H2,H,2,Delta,0.007
BWII Compounds.xlsx,053124,2024-06-03,H3,H,3,Delta,0.004
BWII Compounds.xlsx,053124,2024-06-03,H4,H,4,Delta,0.003
BWII Compounds.xlsx,053124,2024-06-03,H5,H,5,Delta,0.007
BWII Compounds.xlsx,053124,2024-06-03,H6,H,6,Delta,0.005
BWII Compounds.xlsx,053124,2024-06-03,H7,H,7,Delta,0.006
BWII Compounds.xlsx,053124,2024-06-03,H8,H,8,Delta,0.008
BWII Compounds.xlsx,053124,2024-06-03,H9,H,9,Delta,0.003
BWII Compounds.xlsx,053124,2024-06-03,H10,H,10,Delta,0.008
BWII Compounds.xlsx,053124,2024-06-03,H11,H,11,Delta,0.005
BWII Compounds.xlsx,053124,2024-06-03,H12,H,12,Delta,0.004
BWII Compounds.xlsx,060324,2024-06-06,A1,A,1,450,0.04
BWII Compounds.xlsx,060324,2024-06-06,A2,A,2,450,0.044
BWII Compounds.xlsx,060324,2024-06-06,A3,A,3,450,0.039
BWII Compounds.xlsx,060324,2024-06-06,A4,A,4,450,0.041
BWII Compounds.xlsx,060324,2024-06-06,A5,A,5,450,0.038
BWII Compounds.xlsx,060324,2024-06-06,A6,A,6,450,0.04
BWII Compounds.xlsx,060324,2024-06-06,A7,A,7,450,0.042
BWII Compounds.xlsx,060324,2024-06-06,A8,A,8,450,0.04
BWII Compounds.xlsx,060324,2024-06-06,A9,A,9,450,0.04
BWII Compounds.xlsx,060324,2024-06-06,A10,A,10,450,0.04
BWII Compounds.xlsx,060324,2024-06-06,A11,A,11,450,0.04
BWII Compounds.xlsx,060324,2024-06-06,A12,A,12,450,0.038
BWII Compounds.xlsx,060324,2024-06-06,A1,A,1,650,0.039
BWII Compounds.xlsx,060324,2024-06-06,A2,A,2,650,0.04
BWII Compounds.xlsx,060324,2024-06-06,A3,A,3,650,0.036
BWII Compounds.xlsx,060324,2024-06-06,A4,A,4,650,0.035
BWII Compounds.xlsx,060324,2024-06-06,A5,A,5,650,0.037
BWII Compounds.xlsx,060324,2024-06-06,A6,A,6,650,0.037
BWII Compounds.xlsx,060324,2024-06-06,A7,A,7,650,0.036
BWII Compounds.xlsx,060324,2024-06-06,A8,A,8,650,0.036
BWII Compounds.xlsx,060324,2024-06-06,A9,A,9,650,0.037
BWII Compounds.xlsx,060324,2024-06-06,A10,A,10,650,0.035
BWII Compounds.xlsx,060324,2024-06-06,A11,A,11,650,0.035
BWII Compounds.xlsx,060324,2024-06-06,A12,A,12,650,0.035
BWII Compounds.xlsx,060324,2024-06-06,A1,A,1,Delta,0.001
BWII Compounds.xlsx,060324,2024-06-06,A2,A,2,Delta,0.005
BWII Compounds.xlsx,060324,2024-06-06,A3,A,3,Delta,0.003
BWII Compounds.xlsx,060324,2024-06-06,A4,A,4,Delta,0.006
BWII Compounds.xlsx,060324,2024-06-06,A5,A,5,Delta,0.001
BWII Compounds.xlsx,060324,2024-06-06,A6,A,6,Delta,0.004
BWII Compounds.xlsx,060324,2024-06-06,A7,A,7,Delta,0.006
BWII Compounds.xlsx,060324,2024-06-06,A8,A,8,Delta,0.004
BWII Compounds.xlsx,060324,2024-06-06,A9,A,9,Delta,0.003
BWII Compounds.xlsx,060324,2024-06-06,A10,A,10,Delta,0.004
BWII Compounds.xlsx,060324,2024-06-06,A11,A,11,Delta,0.005
BWII Compounds.xlsx,060324,2024-06-06,A12,A,12,Delta,0.003
BWII Compounds.xlsx,060324,2024-06-06,B1,B,1,450,0.042
BWII Compounds.xlsx,060324,2024-06-06,B2,B,2,450,0.889
BWII Compounds.xlsx,060324,2024-06-06,B3,B,3,450,0.833
BWII Compounds.xlsx,060324,2024-06-06,B4,B,4,450,0.825
BWII Compounds.xlsx,060324,2024-06-06,B5,B,5,450,0.641
BWII Compounds.xlsx,060324,2024-06-06,B6,B,6,450,1.008
BWII Compounds.xlsx,060324,2024-06-06,B7,B,7,450,0.86
BWII Compounds.xlsx,060324,2024-06-06,B8,B,8,450,0.529
BWII Compounds.xlsx,060324,2024-06-06,B9,B,9,450,0.948
BWII Compounds.xlsx,060324,2024-06-06,B10,B,10,450,0.873
BWII Compounds.xlsx,060324,2024-06-06,B11,B,11,450,0.192
BWII Compounds.xlsx,060324,2024-06-06,B12,B,12,450,0.042
BWII Compounds.xlsx,060324,2024-06-06,B1,B,1,650,0.039
BWII Compounds.xlsx,060324,2024-06-06,B2,B,2,650,0.048
BWII Compounds.xlsx,060324,2024-06-06,B3,B,3,650,0.048
BWII Compounds.xlsx,060324,2024-06-06,B4,B,4,650,0.046
BWII Compounds.xlsx,060324,2024-06-06,B5,B,5,650,0.048
BWII Compounds.xlsx,060324,2024-06-06,B6,B,6,650,0.05
BWII Compounds.xlsx,060324,2024-06-06,B7,B,7,650,0.051
BWII Compounds.xlsx,060324,2024-06-06,B8,B,8,650,0.045
BWII Compounds.xlsx,060324,2024-06-06,B9,B,9,650,0.048
BWII Compounds.xlsx,060324,2024-06-06,B10,B,10,650,0.046
BWII Compounds.xlsx,060324,2024-06-06,B11,B,11,650,0.04
BWII Compounds.xlsx,060324,2024-06-06,B12,B,12,650,0.035
BWII Compounds.xlsx,060324,2024-06-06,B1,B,1,Delta,0.003
BWII Compounds.xlsx,060324,2024-06-06,B2,B,2,Delta,0.841
BWII Compounds.xlsx,060324,2024-06-06,B3,B,3,Delta,0.785
BWII Compounds.xlsx,060324,2024-06-06,B4,B,4,Delta,0.778
BWII Compounds.xlsx,060324,2024-06-06,B5,B,5,Delta,0.593
BWII Compounds.xlsx,060324,2024-06-06,B6,B,6,Delta,0.957
BWII Compounds.xlsx,060324,2024-06-06,B7,B,7,Delta,0.809
BWII Compounds.xlsx,060324,2024-06-06,B8,B,8,Delta,0.484
BWII Compounds.xlsx,060324,2024-06-06,B9,B,9,Delta,0.9
BWII Compounds.xlsx,060324,2024-06-06,B10,B,10,Delta,0.826
BWII Compounds.xlsx,060324,2024-06-06,B11,B,11,Delta,0.152
BWII Compounds.xlsx,060324,2024-06-06,B12,B,12,Delta,0.007
BWII Compounds.xlsx,060324,2024-06-06,C1,C,1,450,0.042
BWII Compounds.xlsx,060324,2024-06-06,C2,C,2,450,0.922
BWII Compounds.xlsx,060324,2024-06-06,C3,C,3,450,0.887
BWII Compounds.xlsx,060324,2024-06-06,C4,C,4,450,0.914
BWII Compounds.xlsx,060324,2024-06-06,C5,C,5,450,0.677
BWII Compounds.xlsx,060324,2024-06-06,C6,C,6,450,1.004
BWII Compounds.xlsx,060324,2024-06-06,C7,C,7,450,0.781
BWII Compounds.xlsx,060324,2024-06-06,C8,C,8,450,0.523
BWII Compounds.xlsx,060324,2024-06-06,C9,C,9,450,0.981
BWII Compounds.xlsx,060324,2024-06-06,C10,C,10,450,0.74
BWII Compounds.xlsx,060324,2024-06-06,C11,C,11,450,0.196
BWII Compounds.xlsx,060324,2024-06-06,C12,C,12,450,0.04
BWII Compounds.xlsx,060324,2024-06-06,C1,C,1,650,0.036
BWII Compounds.xlsx,060324,2024-06-06,C2,C,2,650,0.049
BWII Compounds.xlsx,060324,2024-06-06,C3,C,3,650,0.051
BWII Compounds.xlsx,060324,2024-06-06,C4,C,4,650,0.049
BWII Compounds.xlsx,060324,2024-06-06,C5,C,5,650,0.045
BWII Compounds.xlsx,060324,2024-06-06,C6,C,6,650,0.05
BWII Compounds.xlsx,060324,2024-06-06,C7,C,7,650,0.049
BWII Compounds.xlsx,060324,2024-06-06,C8,C,8,650,0.045
BWII Compounds.xlsx,060324,2024-06-06,C9,C,9,650,0.046
BWII Compounds.xlsx,060324,2024-06-06,C10,C,10,650,0.046
BWII Compounds.xlsx,060324,2024-06-06,C11,C,11,650,0.043
BWII Compounds.xlsx,060324,2024-06-06,C12,C,12,650,0.035
BWII Compounds.xlsx,060324,2024-06-06,C1,C,1,Delta,0.006
BWII Compounds.xlsx,060324,2024-06-06,C2,C,2,Delta,0.873
BWII Compounds.xlsx,060324,2024-06-06,C3,C,3,Delta,0.836
BWII Compounds.xlsx,060324,2024-06-06,C4,C,4,Delta,0.866
BWII Compounds.xlsx,060324,2024-06-06,C5,C,5,Delta,0.632
BWII Compounds.xlsx,060324,2024-06-06,C6,C,6,Delta,0.954
BWII Compounds.xlsx,060324,2024-06-06,C7,C,7,Delta,0.732
BWII Compounds.xlsx,060324,2024-06-06,C8,C,8,Delta,0.478
BWII Compounds.xlsx,060324,2024-06-06,C9,C,9,Delta,0.935
BWII Compounds.xlsx,060324,2024-06-06,C10,C,10,Delta,0.694
BWII Compounds.xlsx,060324,2024-06-06,C11,C,11,Delta,0.153
BWII Compounds.xlsx,060324,2024-06-06,C12,C,12,Delta,0.006
BWII Compounds.xlsx,060324,2024-06-06,D1,D,1,450,0.044
BWII Compounds.xlsx,060324,2024-06-06,D2,D,2,450,0.869
BWII Compounds.xlsx,060324,2024-06-06,D3,D,3,450,1.077
BWII Compounds.xlsx,060324,2024-06-06,D4,D,4,450,0.921
BWII Compounds.xlsx,060324,2024-06-06,D5,D,5,450,0.601
BWII Compounds.xlsx,060324,2024-06-06,D6,D,6,450,0.911
BWII Compounds.xlsx,060324,2024-06-06,D7,D,7,450,0.878
BWII Compounds.xlsx,060324,2024-06-06,D8,D,8,450,0.574
BWII Compounds.xlsx,060324,2024-06-06,D9,D,9,450,0.92
BWII Compounds.xlsx,060324,2024-06-06,D10,D,10,450,0.832
BWII Compounds.xlsx,060324,2024-06-06,D11,D,11,450,0.2
BWII Compounds.xlsx,060324,2024-06-06,D12,D,12,450,0.04
BWII Compounds.xlsx,060324,2024-06-06,D1,D,1,650,0.04
BWII Compounds.xlsx,060324,2024-06-06,D2,D,2,650,0.048
BWII Compounds.xlsx,060324,2024-06-06,D3,D,3,650,0.051
BWII Compounds.xlsx,060324,2024-06-06,D4,D,4,650,0.05
BWII Compounds.xlsx,060324,2024-06-06,D5,D,5,650,0.047
BWII Compounds.xlsx,060324,2024-06-06,D6,D,6,650,0.046
BWII Compounds.xlsx,060324,2024-06-06,D7,D,7,650,0.048
BWII Compounds.xlsx,060324,2024-06-06,D8,D,8,650,0.044
BWII Compounds.xlsx,060324,2024-06-06,D9,D,9,650,0.048
BWII Compounds.xlsx,060324,2024-06-06,D10,D,10,650,0.048
BWII Compounds.xlsx,060324,2024-06-06,D11,D,11,650,0.041
BWII Compounds.xlsx,060324,2024-06-06,D12,D,12,650,0.036
BWII Compounds.xlsx,060324,2024-06-06,D1,D,1,Delta,0.004
BWII Compounds.xlsx,060324,2024-06-06,D2,D,2,Delta,0.821
BWII Compounds.xlsx,060324,2024-06-06,D3,D,3,Delta,1.026
BWII Compounds.xlsx,060324,2024-06-06,D4,D,4,Delta,0.871
BWII Compounds.xlsx,060324,2024-06-06,D5,D,5,Delta,0.554
BWII Compounds.xlsx,060324,2024-06-06,D6,D,6,Delta,0.865
BWII Compounds.xlsx,060324,2024-06-06,D7,D,7,Delta,0.831
BWII Compounds.xlsx,060324,2024-06-06,D8,D,8,Delta,0.53
BWII Compounds.xlsx,060324,2024-06-06,D9,D,9,Delta,0.873
BWII Compounds.xlsx,060324,2024-06-06,D10,D,10,Delta,0.784
BWII Compounds.xlsx,060324,2024-06-06,D11,D,11,Delta,0.159
BWII Compounds.xlsx,060324,2024-06-06,D12,D,12,Delta,0.004
BWII Compounds.xlsx,060324,2024-06-06,E1,E,1,450,0.041
BWII Compounds.xlsx,060324,2024-06-06,E2,E,2,450,1.345
BWII Compounds.xlsx,060324,2024-06-06,E3,E,3,450,1.31
BWII Compounds.xlsx,060324,2024-06-06,E4,E,4,450,1.397
BWII Compounds.xlsx,060324,2024-06-06,E5,E,5,450,1.202
BWII Compounds.xlsx,060324,2024-06-06,E6,E,6,450,1.121
BWII Compounds.xlsx,060324,2024-06-06,E7,E,7,450,1.436
BWII Compounds.xlsx,060324,2024-06-06,E8,E,8,450,1.49
BWII Compounds.xlsx,060324,2024-06-06,E9,E,9,450,1.282
BWII Compounds.xlsx,060324,2024-06-06,E10,E,10,450,1.176
BWII Compounds.xlsx,060324,2024-06-06,E11,E,11,450,0.399
BWII Compounds.xlsx,060324,2024-06-06,E12,E,12,450,0.039
BWII Compounds.xlsx,060324,2024-06-06,E1,E,1,650,0.037
BWII Compounds.xlsx,060324,2024-06-06,E2,E,2,650,0.09
BWII Compounds.xlsx,060324,2024-06-06,E3,E,3,650,0.07
BWII Compounds.xlsx,060324,2024-06-06,E4,E,4,650,0.093
BWII Compounds.xlsx,060324,2024-06-06,E5,E,5,650,0.08
BWII Compounds.xlsx,060324,2024-06-06,E6,E,6,650,0.07
BWII Compounds.xlsx,060324,2024-06-06,E7,E,7,650,0.071
BWII Compounds.xlsx,060324,2024-06-06,E8,E,8,650,0.085
BWII Compounds.xlsx,060324,2024-06-06,E9,E,9,650,0.074
BWII Compounds.xlsx,060324,2024-06-06,E10,E,10,650,0.067
BWII Compounds.xlsx,060324,2024-06-06,E11,E,11,650,0.098
BWII Compounds.xlsx,060324,2024-06-06,E12,E,12,650,0.037
BWII Compounds.xlsx,060324,2024-06-06,E1,E,1,Delta,0.003
BWII Compounds.xlsx,060324,2024-06-06,E2,E,2,Delta,1.255
BWII Compounds.xlsx,060324,2024-06-06,E3,E,3,Delta,1.24
BWII Compounds.xlsx,060324,2024-06-06,E4,E,4,Delta,1.304
BWII Compounds.xlsx,060324,2024-06-06,E5,E,5,Delta,1.123
BWII Compounds.xlsx,060324,2024-06-06,E6,E,6,Delta,1.051
BWII Compounds.xlsx,060324,2024-06-06,E7,E,7,Delta,1.366
BWII Compounds.xlsx,060324,2024-06-06,E8,E,8,Delta,1.405
BWII Compounds.xlsx,060324,2024-06-06,E9,E,9,Delta,1.208
BWII Compounds.xlsx,060324,2024-06-06,E10,E,10,Delta,1.109
BWII Compounds.xlsx,060324,2024-06-06,E11,E,11,Delta,0.3
BWII Compounds.xlsx,060324,2024-06-06,E12,E,12,Delta,0.002
BWII Compounds.xlsx,060324,2024-06-06,F1,F,1,450,0.04
BWII Compounds.xlsx,060324,2024-06-06,F2,F,2,450,1.369
BWII Compounds.xlsx,060324,2024-06-06,F3,F,3,450,1.395
BWII Compounds.xlsx,060324,2024-06-06,F4,F,4,450,1.449
BWII Compounds.xlsx,060324,2024-06-06,F5,F,5,450,1.026
BWII Compounds.xlsx,060324,2024-06-06,F6,F,6,450,1.273
BWII Compounds.xlsx,060324,2024-06-06,F7,F,7,450,1.398
BWII Compounds.xlsx,060324,2024-06-06,F8,F,8,450,1.314
BWII Compounds.xlsx,060324,2024-06-06,F9,F,9,450,1.182
BWII Compounds.xlsx,060324,2024-06-06,F10,F,10,450,1.14
BWII Compounds.xlsx,060324,2024-06-06,F11,F,11,450,0.301
BWII Compounds.xlsx,060324,2024-06-06,F12,F,12,450,0.04
BWII Compounds.xlsx,060324,2024-06-06,F1,F,1,650,0.037
BWII Compounds.xlsx,060324,2024-06-06,F2,F,2,650,0.076
BWII Compounds.xlsx,060324,2024-06-06,F3,F,3,650,0.069
BWII Compounds.xlsx,060324,2024-06-06,F4,F,4,650,0.078
BWII Compounds.xlsx,060324,2024-06-06,F5,F,5,650,0.064
BWII Compounds.xlsx,060324,2024-06-06,F6,F,6,650,0.071
BWII Compounds.xlsx,060324,2024-06-06,F7,F,7,650,0.073
BWII Compounds.xlsx,060324,2024-06-06,F8,F,8,650,0.077
BWII Compounds.xlsx,060324,2024-06-06,F9,F,9,650,0.077
BWII Compounds.xlsx,060324,2024-06-06,F10,F,10,650,0.069
BWII Compounds.xlsx,060324,2024-06-06,F11,F,11,650,0.073
BWII Compounds.xlsx,060324,2024-06-06,F12,F,12,650,0.039
BWII Compounds.xlsx,060324,2024-06-06,F1,F,1,Delta,0.003
BWII Compounds.xlsx,060324,2024-06-06,F2,F,2,Delta,1.293
BWII Compounds.xlsx,060324,2024-06-06,F3,F,3,Delta,1.326
BWII Compounds.xlsx,060324,2024-06-06,F4,F,4,Delta,1.371
BWII Compounds.xlsx,060324,2024-06-06,F5,F,5,Delta,0.961
BWII Compounds.xlsx,060324,2024-06-06,F6,F,6,Delta,1.202
BWII Compounds.xlsx,060324,2024-06-06,F7,F,7,Delta,1.325
BWII Compounds.xlsx,060324,2024-06-06,F8,F,8,Delta,1.237
BWII Compounds.xlsx,060324,2024-06-06,F9,F,9,Delta,1.105
BWII Compounds.xlsx,060324,2024-06-06,F10,F,10,Delta,1.071
BWII Compounds.xlsx,060324,2024-06-06,F11,F,11,Delta,0.228
BWII Compounds.xlsx,060324,2024-06-06,F12,F,12,Delta,0.002
BWII Compounds.xlsx,060324,2024-06-06,G1,G,1,450,0.039
BWII Compounds.xlsx,060324,2024-06-06,G2,G,2,450,1.383
BWII Compounds.xlsx,060324,2024-06-06,G3,G,3,450,1.375
BWII Compounds.xlsx,060324,2024-06-06,G4,G,4,450,1.354
BWII Compounds.xlsx,060324,2024-06-06,G5,G,5,450,1.081
BWII Compounds.xlsx,060324,2024-06-06,G6,G,6,450,1.229
BWII Compounds.xlsx,060324,2024-06-06,G7,G,7,450,1.286
BWII Compounds.xlsx,060324,2024-06-06,G8,G,8,450,1.297
BWII Compounds.xlsx,060324,2024-06-06,G9,G,9,450,1.358
BWII Compounds.xlsx,060324,2024-06-06,G10,G,10,450,1.396
BWII Compounds.xlsx,060324,2024-06-06,G11,G,11,450,0.305
BWII Compounds.xlsx,060324,2024-06-06,G12,G,12,450,0.038
BWII Compounds.xlsx,060324,2024-06-06,G1,G,1,650,0.039
BWII Compounds.xlsx,060324,2024-06-06,G2,G,2,650,0.072
BWII Compounds.xlsx,060324,2024-06-06,G3,G,3,650,0.085
BWII Compounds.xlsx,060324,2024-06-06,G4,G,4,650,0.082
BWII Compounds.xlsx,060324,2024-06-06,G5,G,5,650,0.06
BWII Compounds.xlsx,060324,2024-06-06,G6,G,6,650,0.066
BWII Compounds.xlsx,060324,2024-06-06,G7,G,7,650,0.073
BWII Compounds.xlsx,060324,2024-06-06,G8,G,8,650,0.074
BWII Compounds.xlsx,060324,2024-06-06,G9,G,9,650,0.072
BWII Compounds.xlsx,060324,2024-06-06,G10,G,10,650,0.079
BWII Compounds.xlsx,060324,2024-06-06,G11,G,11,650,0.079
BWII Compounds.xlsx,060324,2024-06-06,G12,G,12,650,0.039
BWII Compounds.xlsx,060324,2024-06-06,G1,G,1,Delta,0.0
BWII Compounds.xlsx,060324,2024-06-06,G2,G,2,Delta,1.311
BWII Compounds.xlsx,060324,2024-06-06,G3,G,3,Delta,1.29
BWII Compounds.xlsx,060324,2024-06-06,G4,G,4,Delta,1.273
BWII Compounds.xlsx,060324,2024-06-06,G5,G,5,Delta,1.02
BWII Compounds.xlsx,060324,2024-06-06,G6,G,6,Delta,1.163
BWII Compounds.xlsx,060324,2024-06-06,G7,G,7,Delta,1.213
BWII Compounds.xlsx,060324,2024-06-06,G8,G,8,Delta,1.222
BWII Compounds.xlsx,060324,2024-06-06,G9,G,9,Delta,1.286
BWII Compounds.xlsx,060324,2024-06-06,G10,G,10,Delta,1.317
BWII Compounds.xlsx,060324,2024-06-06,G11,G,11,Delta,0.226
BWII Compounds.xlsx,060324,2024-06-06,G12,G,12,Delta,0.0
BWII Compounds.xlsx,060324,2024-06-06,H1,H,1,450,0.039
BWII Compounds.xlsx,060324,2024-06-06,H2,H,2,450,0.043
BWII Compounds.xlsx,060324,2024-06-06,H3,H,3,450,0.04
BWII Compounds.xlsx,060324,2024-06-06,H4,H,4,450,0.041
BWII Compounds.xlsx,060324,2024-06-06,H5,H,5,450,0.041
BWII Compounds.xlsx,060324,2024-06-06,H6,H,6,450,0.041
BWII Compounds.xlsx,060324,2024-06-06,H7,H,7,450,0.039
BWII Compounds.xlsx,060324,2024-06-06,H8,H,8,450,0.041
BWII Compounds.xlsx,060324,2024-06-06,H9,H,9,450,0.041
BWII Compounds.xlsx,060324,2024-06-06,H10,H,10,450,0.041
BWII Compounds.xlsx,060324,2024-06-06,H11,H,11,450,0.041
BWII Compounds.xlsx,060324,2024-06-06,H12,H,12,450,0.042
BWII Compounds.xlsx,060324,2024-06-06,H1,H,1,650,0.038
BWII Compounds.xlsx,060324,2024-06-06,H2,H,2,650,0.039
BWII Compounds.xlsx,060324,2024-06-06,H3,H,3,650,0.037
BWII Compounds.xlsx,060324,2024-06-06,H4,H,4,650,0.037
BWII Compounds.xlsx,060324,2024-06-06,H5,H,5,650,0.035
BWII Compounds.xlsx,060324,2024-06-06,H6,H,6,650,0.037
BWII Compounds.xlsx,060324,2024-06-06,H7,H,7,650,0.038
BWII Compounds.xlsx,060324,2024-06-06,H8,H,8,650,0.036
BWII Compounds.xlsx,060324,2024-06-06,H9,H,9,650,0.036
BWII Compounds.xlsx,060324,2024-06-06,H10,H,10,650,0.038
BWII Compounds.xlsx,060324,2024-06-06,H11,H,11,650,0.036
BWII Compounds.xlsx,060324,2024-06-06,H12,H,12,650,0.038
BWII Compounds.xlsx,060324,2024-06-06,H1,H,1,Delta,0.001
BWII Compounds.xlsx,060324,2024-06-06,H2,H,2,Delta,0.003
BWII Compounds.xlsx,060324,2024-06-06,H3,H,3,Delta,0.003
BWII Compounds.xlsx,060324,2024-06-06,H4,H,4,Delta,0.004
BWII Compounds.xlsx,060324,2024-06-06,H5,H,5,Delta,0.006
BWII Compounds.xlsx,060324,2024-06-06,H6,H,6,Delta,0.004
BWII Compounds.xlsx,060324,2024-06-06,H7,H,7,Delta,0.001
BWII Compounds.xlsx,060324,2024-06-06,H8,H,8,Delta,0.006
BWII Compounds.xlsx,060324,2024-06-06,H9,H,9,Delta,0.005
BWII Compounds.xlsx,060324,2024-06-06,H10,H,10,Delta,0.003
BWII Compounds.xlsx,060324,2024-06-06,H11,H,11,Delta,0.005
BWII Compounds.xlsx,060324,2024-06-06,H12,H,12,Delta,0.003
BWII Compounds.xlsx,060724,2024-06-10,A1,A,1,450,0.04
BWII Compounds.xlsx,060724,2024-06-10,A2,A,2,450,0.039
BWII Compounds.xlsx,060724,2024-06-10,A3,A,3,450,0.041
BWII Compounds.xlsx,060724,2024-06-10,A4,A,4,450,0.042
BWII Compounds.xlsx,060724,2024-06-10,A5,A,5,450,0.04
BWII Compounds.xlsx,060724,2024-06-10,A6,A,6,450,0.04
BWII Compounds.xlsx,060724,2024-06-10,A7,A,7,450,0.04
BWII Compounds.xlsx,060724,2024-06-10,A8,A,8,450,0.04
BWII Compounds.xlsx,060724,2024-06-10,A9,A,9,450,0.04
BWII Compounds.xlsx,060724,2024-06-10,A10,A,10,450,0.041
BWII Compounds.xlsx,060724,2024-06-10,A11,A,11,450,0.041
BWII Compounds.xlsx,060724,2024-06-10,A12,A,12,450,0.061
BWII Compounds.xlsx,060724,2024-06-10,A1,A,1,650,0.037
BWII Compounds.xlsx,060724,2024-06-10,A2,A,2,650,0.038
BWII Compounds.xlsx,060724,2024-06-10,A3,A,3,650,0.035
BWII Compounds.xlsx,060724,2024-06-10,A4,A,4,650,0.035
BWII Compounds.xlsx,060724,2024-06-10,A5,A,5,650,0.037
BWII Compounds.xlsx,060724,2024-06-10,A6,A,6,650,0.037
BWII Compounds.xlsx,060724,2024-06-10,A7,A,7,650,0.038
BWII Compounds.xlsx,060724,2024-06-10,A8,A,8,650,0.038
BWII Compounds.xlsx,060724,2024-06-10,A9,A,9,650,0.038
BWII Compounds.xlsx,060724,2024-06-10,A10,A,10,650,0.038
BWII Compounds.xlsx,060724,2024-06-10,A11,A,11,650,0.036
BWII Compounds.xlsx,060724,2024-06-10,A12,A,12,650,0.038
BWII Compounds.xlsx,060724,2024-06-10,A1,A,1,Delta,0.004
BWII Compounds.xlsx,060724,2024-06-10,A2,A,2,Delta,0.001
BWII Compounds.xlsx,060724,2024-06-10,A3,A,3,Delta,0.005
BWII Compounds.xlsx,060724,2024-06-10,A4,A,4,Delta,0.007
BWII Compounds.xlsx,060724,2024-06-10,A5,A,5,Delta,0.003
BWII Compounds.xlsx,060724,2024-06-10,A6,A,6,Delta,0.003
BWII Compounds.xlsx,060724,2024-06-10,A7,A,7,Delta,0.002
BWII Compounds.xlsx,060724,2024-06-10,A8,A,8,Delta,0.002
BWII Compounds.xlsx,060724,2024-06-10,A9,A,9,Delta,0.002
BWII Compounds.xlsx,060724,2024-06-10,A10,A,10,Delta,0.002
BWII Compounds.xlsx,060724,2024-06-10,A11,A,11,Delta,0.005
BWII Compounds.xlsx,060724,2024-06-10,A12,A,12,Delta,0.023
BWII Compounds.xlsx,060724,2024-06-10,B1,B,1,450,0.04
BWII Compounds.xlsx,060724,2024-06-10,B2,B,2,450,1.106
BWII Compounds.xlsx,060724,2024-06-10,B3,B,3,450,0.857
BWII Compounds.xlsx,060724,2024-06-10,B4,B,4,450,0.656
BWII Compounds.xlsx,060724,2024-06-10,B5,B,5,450,1.074
BWII Compounds.xlsx,060724,2024-06-10,B6,B,6,450,1.016
BWII Compounds.xlsx,060724,2024-06-10,B7,B,7,450,0.845
BWII Compounds.xlsx,060724,2024-06-10,B8,B,8,450,1.338
BWII Compounds.xlsx,060724,2024-06-10,B9,B,9,450,0.865
BWII Compounds.xlsx,060724,2024-06-10,B10,B,10,450,0.298
BWII Compounds.xlsx,060724,2024-06-10,B11,B,11,450,0.19
BWII Compounds.xlsx,060724,2024-06-10,B12,B,12,450,0.041
BWII Compounds.xlsx,060724,2024-06-10,B1,B,1,650,0.038
BWII Compounds.xlsx,060724,2024-06-10,B2,B,2,650,0.049
BWII Compounds.xlsx,060724,2024-06-10,B3,B,3,650,0.048
BWII Compounds.xlsx,060724,2024-06-10,B4,B,4,650,0.044
BWII Compounds.xlsx,060724,2024-06-10,B5,B,5,650,0.051
BWII Compounds.xlsx,060724,2024-06-10,B6,B,6,650,0.05
BWII Compounds.xlsx,060724,2024-06-10,B7,B,7,650,0.049
BWII Compounds.xlsx,060724,2024-06-10,B8,B,8,650,0.052
BWII Compounds.xlsx,060724,2024-06-10,B9,B,9,650,0.05
BWII Compounds.xlsx,060724,2024-06-10,B10,B,10,650,0.041
BWII Compounds.xlsx,060724,2024-06-10,B11,B,11,650,0.041
BWII Compounds.xlsx,060724,2024-06-10,B12,B,12,650,0.036
BWII Compounds.xlsx,060724,2024-06-10,B1,B,1,Delta,0.002
BWII Compounds.xlsx,060724,2024-06-10,B2,B,2,Delta,1.058
BWII Compounds.xlsx,060724,2024-06-10,B3,B,3,Delta,0.808
BWII Compounds.xlsx,060724,2024-06-10,B4,B,4,Delta,0.612
BWII Compounds.xlsx,060724,2024-06-10,B5,B,5,Delta,1.023
BWII Compounds.xlsx,060724,2024-06-10,B6,B,6,Delta,0.966
BWII Compounds.xlsx,060724,2024-06-10,B7,B,7,Delta,0.796
BWII Compounds.xlsx,060724,2024-06-10,B8,B,8,Delta,1.287
BWII Compounds.xlsx,060724,2024-06-10,B9,B,9,Delta,0.814
BWII Compounds.xlsx,060724,2024-06-10,B10,B,10,Delta,0.257
BWII Compounds.xlsx,060724,2024-06-10,B11,B,11,Delta,0.148
BWII Compounds.xlsx,060724,2024-06-10,B12,B,12,Delta,0.005
BWII Compounds.xlsx,060724,2024-06-10,C1,C,1,450,0.04
BWII Compounds.xlsx,060724,2024-06-10,C2,C,2,450,0.938
BWII Compounds.xlsx,060724,2024-06-10,C3,C,3,450,0.979
BWII Compounds.xlsx,060724,2024-06-10,C4,C,4,450,0.639
BWII Compounds.xlsx,060724,2024-06-10,C5,C,5,450,0.976
BWII Compounds.xlsx,060724,2024-06-10,C6,C,6,450,0.975
BWII Compounds.xlsx,060724,2024-06-10,C7,C,7,450,0.87
BWII Compounds.xlsx,060724,2024-06-10,C8,C,8,450,1.24
BWII Compounds.xlsx,060724,2024-06-10,C9,C,9,450,1.228
BWII Compounds.xlsx,060724,2024-06-10,C10,C,10,450,0.323
BWII Compounds.xlsx,060724,2024-06-10,C11,C,11,450,0.196
BWII Compounds.xlsx,060724,2024-06-10,C12,C,12,450,0.04
BWII Compounds.xlsx,060724,2024-06-10,C1,C,1,650,0.037
BWII Compounds.xlsx,060724,2024-06-10,C2,C,2,650,0.056
BWII Compounds.xlsx,060724,2024-06-10,C3,C,3,650,0.051
BWII Compounds.xlsx,060724,2024-06-10,C4,C,4,650,0.047
BWII Compounds.xlsx,060724,2024-06-10,C5,C,5,650,0.049
BWII Compounds.xlsx,060724,2024-06-10,C6,C,6,650,0.049
BWII Compounds.xlsx,060724,2024-06-10,C7,C,7,650,0.049
BWII Compounds.xlsx,060724,2024-06-10,C8,C,8,650,0.052
BWII Compounds.xlsx,060724,2024-06-10,C9,C,9,650,0.049
BWII Compounds.xlsx,060724,2024-06-10,C10,C,10,650,0.045
BWII Compounds.xlsx,060724,2024-06-10,C11,C,11,650,0.041
BWII Compounds.xlsx,060724,2024-06-10,C12,C,12,650,0.037
BWII Compounds.xlsx,060724,2024-06-10,C1,C,1,Delta,0.003
BWII Compounds.xlsx,060724,2024-06-10,C2,C,2,Delta,0.883
BWII Compounds.xlsx,060724,2024-06-10,C3,C,3,Delta,0.928
BWII Compounds.xlsx,060724,2024-06-10,C4,C,4,Delta,0.593
BWII Compounds.xlsx,060724,2024-06-10,C5,C,5,Delta,0.927
BWII Compounds.xlsx,060724,2024-06-10,C6,C,6,Delta,0.926
BWII Compounds.xlsx,060724,2024-06-10,C7,C,7,Delta,0.821
BWII Compounds.xlsx,060724,2024-06-10,C8,C,8,Delta,1.188
BWII Compounds.xlsx,060724,2024-06-10,C9,C,9,Delta,1.179
BWII Compounds.xlsx,060724,2024-06-10,C10,C,10,Delta,0.278
BWII Compounds.xlsx,060724,2024-06-10,C11,C,11,Delta,0.155
BWII Compounds.xlsx,060724,2024-06-10,C12,C,12,Delta,0.003
BWII Compounds.xlsx,060724,2024-06-10,D1,D,1,450,0.041
BWII Compounds.xlsx,060724,2024-06-10,D2,D,2,450,1.033
BWII Compounds.xlsx,060724,2024-06-10,D3,D,3,450,0.95
BWII Compounds.xlsx,060724,2024-06-10,D4,D,4,450,0.8
BWII Compounds.xlsx,060724,2024-06-10,D5,D,5,450,1.153
BWII Compounds.xlsx,060724,2024-06-10,D6,D,6,450,1.131
BWII Compounds.xlsx,060724,2024-06-10,D7,D,7,450,0.989
BWII Compounds.xlsx,060724,2024-06-10,D8,D,8,450,1.03
BWII Compounds.xlsx,060724,2024-06-10,D9,D,9,450,1.043
BWII Compounds.xlsx,060724,2024-06-10,D10,D,10,450,0.371
BWII Compounds.xlsx,060724,2024-06-10,D11,D,11,450,0.196
BWII Compounds.xlsx,060724,2024-06-10,D12,D,12,450,0.043
BWII Compounds.xlsx,060724,2024-06-10,D1,D,1,650,0.037
BWII Compounds.xlsx,060724,2024-06-10,D2,D,2,650,0.057
BWII Compounds.xlsx,060724,2024-06-10,D3,D,3,650,0.052
BWII Compounds.xlsx,060724,2024-06-10,D4,D,4,650,0.05
BWII Compounds.xlsx,060724,2024-06-10,D5,D,5,650,0.053
BWII Compounds.xlsx,060724,2024-06-10,D6,D,6,650,0.051
BWII Compounds.xlsx,060724,2024-06-10,D7,D,7,650,0.048
BWII Compounds.xlsx,060724,2024-06-10,D8,D,8,650,0.051
BWII Compounds.xlsx,060724,2024-06-10,D9,D,9,650,0.049
BWII Compounds.xlsx,060724,2024-06-10,D10,D,10,650,0.045
BWII Compounds.xlsx,060724,2024-06-10,D11,D,11,650,0.04
BWII Compounds.xlsx,060724,2024-06-10,D12,D,12,650,0.039
BWII Compounds.xlsx,060724,2024-06-10,D1,D,1,Delta,0.004
BWII Compounds.xlsx,060724,2024-06-10,D2,D,2,Delta,0.976
BWII Compounds.xlsx,060724,2024-06-10,D3,D,3,Delta,0.897
BWII Compounds.xlsx,060724,2024-06-10,D4,D,4,Delta,0.751
BWII Compounds.xlsx,060724,2024-06-10,D5,D,5,Delta,1.1
BWII Compounds.xlsx,060724,2024-06-10,D6,D,6,Delta,1.081
BWII Compounds.xlsx,060724,2024-06-10,D7,D,7,Delta,0.94
BWII Compounds.xlsx,060724,2024-06-10,D8,D,8,Delta,0.979
BWII Compounds.xlsx,060724,2024-06-10,D9,D,9,Delta,0.994
BWII Compounds.xlsx,060724,2024-06-10,D10,D,10,Delta,0.326
BWII Compounds.xlsx,060724,2024-06-10,D11,D,11,Delta,0.156
BWII Compounds.xlsx,060724,2024-06-10,D12,D,12,Delta,0.004
BWII Compounds.xlsx,060724,2024-06-10,E1,E,1,450,0.04
BWII Compounds.xlsx,060724,2024-06-10,E2,E,2,450,1.433
BWII Compounds.xlsx,060724,2024-06-10,E3,E,3,450,1.206
BWII Compounds.xlsx,060724,2024-06-10,E4,E,4,450,0.987
BWII Compounds.xlsx,060724,2024-06-10,E5,E,5,450,1.067
BWII Compounds.xlsx,060724,2024-06-10,E6,E,6,450,1.314
BWII Compounds.xlsx,060724,2024-06-10,E7,E,7,450,1.395
BWII Compounds.xlsx,060724,2024-06-10,E8,E,8,450,1.299
BWII Compounds.xlsx,060724,2024-06-10,E9,E,9,450,1.261
BWII Compounds.xlsx,060724,2024-06-10,E10,E,10,450,0.692
BWII Compounds.xlsx,060724,2024-06-10,E11,E,11,450,0.312
BWII Compounds.xlsx,060724,2024-06-10,E12,E,12,450,0.045
BWII Compounds.xlsx,060724,2024-06-10,E1,E,1,650,0.037
BWII Compounds.xlsx,060724,2024-06-10,E2,E,2,650,0.062
BWII Compounds.xlsx,060724,2024-06-10,E3,E,3,650,0.069
BWII Compounds.xlsx,060724,2024-06-10,E4,E,4,650,0.065
BWII Compounds.xlsx,060724,2024-06-10,E5,E,5,650,0.071
BWII Compounds.xlsx,060724,2024-06-10,E6,E,6,650,0.072
BWII Compounds.xlsx,060724,2024-06-10,E7,E,7,650,0.079
BWII Compounds.xlsx,060724,2024-06-10,E8,E,8,650,0.079
BWII Compounds.xlsx,060724,2024-06-10,E9,E,9,650,0.088
BWII Compounds.xlsx,060724,2024-06-10,E10,E,10,650,0.087
BWII Compounds.xlsx,060724,2024-06-10,E11,E,11,650,0.091
BWII Compounds.xlsx,060724,2024-06-10,E12,E,12,650,0.038
BWII Compounds.xlsx,060724,2024-06-10,E1,E,1,Delta,0.003
BWII Compounds.xlsx,060724,2024-06-10,E2,E,2,Delta,1.371
BWII Compounds.xlsx,060724,2024-06-10,E3,E,3,Delta,1.137
BWII Compounds.xlsx,060724,2024-06-10,E4,E,4,Delta,0.922
BWII Compounds.xlsx,060724,2024-06-10,E5,E,5,Delta,0.996
BWII Compounds.xlsx,060724,2024-06-10,E6,E,6,Delta,1.241
BWII Compounds.xlsx,060724,2024-06-10,E7,E,7,Delta,1.315
BWII Compounds.xlsx,060724,2024-06-10,E8,E,8,Delta,1.219
BWII Compounds.xlsx,060724,2024-06-10,E9,E,9,Delta,1.173
BWII Compounds.xlsx,060724,2024-06-10,E10,E,10,Delta,0.605
BWII Compounds.xlsx,060724,2024-06-10,E11,E,11,Delta,0.222
BWII Compounds.xlsx,060724,2024-06-10,E12,E,12,Delta,0.007
BWII Compounds.xlsx,060724,2024-06-10,F1,F,1,450,0.05
BWII Compounds.xlsx,060724,2024-06-10,F2,F,2,450,1.292
BWII Compounds.xlsx,060724,2024-06-10,F3,F,3,450,1.513
BWII Compounds.xlsx,060724,2024-06-10,F4,F,4,450,1.032
BWII Compounds.xlsx,060724,2024-06-10,F5,F,5,450,1.389
BWII Compounds.xlsx,060724,2024-06-10,F6,F,6,450,1.343
BWII Compounds.xlsx,060724,2024-06-10,F7,F,7,450,1.27
BWII Compounds.xlsx,060724,2024-06-10,F8,F,8,450,1.524
BWII Compounds.xlsx,060724,2024-06-10,F9,F,9,450,1.397
BWII Compounds.xlsx,060724,2024-06-10,F10,F,10,450,0.638
BWII Compounds.xlsx,060724,2024-06-10,F11,F,11,450,0.311
BWII Compounds.xlsx,060724,2024-06-10,F12,F,12,450,0.041
BWII Compounds.xlsx,060724,2024-06-10,F1,F,1,650,0.044
BWII Compounds.xlsx,060724,2024-06-10,F2,F,2,650,0.073
BWII Compounds.xlsx,060724,2024-06-10,F3,F,3,650,0.078
BWII Compounds.xlsx,060724,2024-06-10,F4,F,4,650,0.066
BWII Compounds.xlsx,060724,2024-06-10,F5,F,5,650,0.081
BWII Compounds.xlsx,060724,2024-06-10,F6,F,6,650,0.079
BWII Compounds.xlsx,060724,2024-06-10,F7,F,7,650,0.075
BWII Compounds.xlsx,060724,2024-06-10,F8,F,8,650,0.078
BWII Compounds.xlsx,060724,2024-06-10,F9,F,9,650,0.089
BWII Compounds.xlsx,060724,2024-06-10,F10,F,10,650,0.089
BWII Compounds.xlsx,060724,2024-06-10,F11,F,11,650,0.083
BWII Compounds.xlsx,060724,2024-06-10,F12,F,12,650,0.037
BWII Compounds.xlsx,060724,2024-06-10,F1,F,1,Delta,0.006
BWII Compounds.xlsx,060724,2024-06-10,F2,F,2,Delta,1.22
BWII Compounds.xlsx,060724,2024-06-10,F3,F,3,Delta,1.435
BWII Compounds.xlsx,060724,2024-06-10,F4,F,4,Delta,0.966
BWII Compounds.xlsx,060724,2024-06-10,F5,F,5,Delta,1.308
BWII Compounds.xlsx,060724,2024-06-10,F6,F,6,Delta,1.264
BWII Compounds.xlsx,060724,2024-06-10,F7,F,7,Delta,1.194
BWII Compounds.xlsx,060724,2024-06-10,F8,F,8,Delta,1.446
BWII Compounds.xlsx,060724,2024-06-10,F9,F,9,Delta,1.308
BWII Compounds.xlsx,060724,2024-06-10,F10,F,10,Delta,0.549
BWII Compounds.xlsx,060724,2024-06-10,F11,F,11,Delta,0.228
BWII Compounds.xlsx,060724,2024-06-10,F12,F,12,Delta,0.003
BWII Compounds.xlsx,060724,2024-06-10,G1,G,1,450,0.043
BWII Compounds.xlsx,060724,2024-06-10,G2,G,2,450,1.115
BWII Compounds.xlsx,060724,2024-06-10,G3,G,3,450,1.321
BWII Compounds.xlsx,060724,2024-06-10,G4,G,4,450,1.121
BWII Compounds.xlsx,060724,2024-06-10,G5,G,5,450,1.279
BWII Compounds.xlsx,060724,2024-06-10,G6,G,6,450,1.463
BWII Compounds.xlsx,060724,2024-06-10,G7,G,7,450,1.543
BWII Compounds.xlsx,060724,2024-06-10,G8,G,8,450,1.786
BWII Compounds.xlsx,060724,2024-06-10,G9,G,9,450,1.221
BWII Compounds.xlsx,060724,2024-06-10,G10,G,10,450,0.845
BWII Compounds.xlsx,060724,2024-06-10,G11,G,11,450,0.313
BWII Compounds.xlsx,060724,2024-06-10,G12,G,12,450,0.049
BWII Compounds.xlsx,060724,2024-06-10,G1,G,1,650,0.035
BWII Compounds.xlsx,060724,2024-06-10,G2,G,2,650,0.054
BWII Compounds.xlsx,060724,2024-06-10,G3,G,3,650,0.064
BWII Compounds.xlsx,060724,2024-06-10,G4,G,4,650,0.076
BWII Compounds.xlsx,060724,2024-06-10,G5,G,5,650,0.083
BWII Compounds.xlsx,060724,2024-06-10,G6,G,6,650,0.062
BWII Compounds.xlsx,060724,2024-06-10,G7,G,7,650,0.078
BWII Compounds.xlsx,060724,2024-06-10,G8,G,8,650,0.095
BWII Compounds.xlsx,060724,2024-06-10,G9,G,9,650,0.076
BWII Compounds.xlsx,060724,2024-06-10,G10,G,10,650,0.084
BWII Compounds.xlsx,060724,2024-06-10,G11,G,11,650,0.087
BWII Compounds.xlsx,060724,2024-06-10,G12,G,12,650,0.04
BWII Compounds.xlsx,060724,2024-06-10,G1,G,1,Delta,0.007
BWII Compounds.xlsx,060724,2024-06-10,G2,G,2,Delta,1.06
BWII Compounds.xlsx,060724,2024-06-10,G3,G,3,Delta,1.257
BWII Compounds.xlsx,060724,2024-06-10,G4,G,4,Delta,1.045
BWII Compounds.xlsx,060724,2024-06-10,G5,G,5,Delta,1.197
BWII Compounds.xlsx,060724,2024-06-10,G6,G,6,Delta,1.401
BWII Compounds.xlsx,060724,2024-06-10,G7,G,7,Delta,1.465
BWII Compounds.xlsx,060724,2024-06-10,G8,G,8,Delta,1.691
BWII Compounds.xlsx,060724,2024-06-10,G9,G,9,Delta,1.145
BWII Compounds.xlsx,060724,2024-06-10,G10,G,10,Delta,0.761
BWII Compounds.xlsx,060724,2024-06-10,G11,G,11,Delta,0.226
BWII Compounds.xlsx,060724,2024-06-10,G12,G,12,Delta,0.009
BWII Compounds.xlsx,060724,2024-06-10,H1,H,1,450,0.04
BWII Compounds.xlsx,060724,2024-06-10,H2,H,2,450,0.04
BWII Compounds.xlsx,060724,2024-06-10,H3,H,3,450,0.041
BWII Compounds.xlsx,060724,2024-06-10,H4,H,4,450,0.04
BWII Compounds.xlsx,060724,2024-06-10,H5,H,5,450,0.04
BWII Compounds.xlsx,060724,2024-06-10,H6,H,6,450,0.041
BWII Compounds.xlsx,060724,2024-06-10,H7,H,7,450,0.04
BWII Compounds.xlsx,060724,2024-06-10,H8,H,8,450,0.041
BWII Compounds.xlsx,060724,2024-06-10,H9,H,9,450,0.043
BWII Compounds.xlsx,060724,2024-06-10,H10,H,10,450,0.041
BWII Compounds.xlsx,060724,2024-06-10,H11,H,11,450,0.042
BWII Compounds.xlsx,060724,2024-06-10,H12,H,12,450,0.039
BWII Compounds.xlsx,060724,2024-06-10,H1,H,1,650,0.037
BWII Compounds.xlsx,060724,2024-06-10,H2,H,2,650,0.035
BWII Compounds.xlsx,060724,2024-06-10,H3,H,3,650,0.036
BWII Compounds.xlsx,060724,2024-06-10,H4,H,4,650,0.037
BWII Compounds.xlsx,060724,2024-06-10,H5,H,5,650,0.038
BWII Compounds.xlsx,060724,2024-06-10,H6,H,6,650,0.039
BWII Compounds.xlsx,060724,2024-06-10,H7,H,7,650,0.038
BWII Compounds.xlsx,060724,2024-06-10,H8,H,8,650,0.037
BWII Compounds.xlsx,060724,2024-06-10,H9,H,9,650,0.036
BWII Compounds.xlsx,060724,2024-06-10,H10,H,10,650,0.037
BWII Compounds.xlsx,060724,2024-06-10,H11,H,11,650,0.039
BWII Compounds.xlsx,060724,2024-06-10,H12,H,12,650,0.039
BWII Compounds.xlsx,060724,2024-06-10,H1,H,1,Delta,0.003
BWII Compounds.xlsx,060724,2024-06-10,H2,H,2,Delta,0.005
BWII Compounds.xlsx,060724,2024-06-10,H3,H,3,Delta,0.004
BWII Compounds.xlsx,060724,2024-06-10,H4,H,4,Delta,0.003
BWII Compounds.xlsx,060724,2024-06-10,H5,H,5,Delta,0.002
BWII Compounds.xlsx,060724,2024-06-10,H6,H,6,Delta,0.002
BWII Compounds.xlsx,060724,2024-06-10,H7,H,7,Delta,0.002
BWII Compounds.xlsx,060724,2024-06-10,H8,H,8,Delta,0.004
BWII Compounds.xlsx,060724,2024-06-10,H9,H,9,Delta,0.007
BWII Compounds.xlsx,060724,2024-06-10,H10,H,10,Delta,0.004
BWII Compounds.xlsx,060724,2024-06-10,H11,H,11,Delta,0.003
BWII Compounds.xlsx,060724,2024-06-10,H12,H,12,Delta,0.0
CCK BW1 H11 D12 2H11.xlsx,062723,2023-06-30,A1,A,1,450,0.041
CCK BW1 H11 D12 2H11.xlsx,062723,2023-06-30,A2,A,2,450,0.039
CCK BW1 H11 D12 2H11.xlsx,062723,2023-06-30,A3,A,3,450,0.039
CCK BW1 H11 D12 2H11.xlsx,062723,2023-06-30,A4,A,4,450,0.042
CCK BW1 H11 D12 2H11.xlsx,062723,2023-06-30,A5,A,5,450,0.039
CCK BW1 H11 D12 2H11.xlsx,062723,2023-06-30,A6,A,6,450,0.04
CCK BW1 H11 D12 2H11.xlsx,062723,2023-06-30,A7,A,7,450,0.041
CCK BW1 H11 D12 2H11.xlsx,062723,2023-06-30,A8,A,8,450,0.04
CCK BW1 H11 D12 2H11.xlsx,062723,2023-06-30,A9,A,9,450,0.041
CCK BW1 H11 D12 2H11.xlsx,062723,2023-06-30,A10,A,10,450,0.039
CCK BW1 H11 D12 2H11.xlsx,062723,2023-06-30,A11,A,11,450,0.04
CCK BW1 H11 D12 2H11.xlsx,062723,2023-06-30,A12,A,12,450,0.048
CCK BW1 H11 D12 2H11.xlsx,062723,2023-06-30,A1,A,1,650,0.038
CCK BW1 H11 D12 2H11.xlsx,062723,2023-06-30,A2,A,2,650,0.036
CCK BW1 H11 D12 2H11.xlsx,062723,2023-06-30,A3,A,3,650,0.036
CCK BW1 H11 D12 2H11.xlsx,062723,2023-06-30,A4,A,4,650,0.036
CCK BW1 H11 D12 2H11.xlsx,062723,2023-06-30,A5,A,5,650,0.038
CCK BW1 H11 D12 2H11.xlsx,062723,2023-06-30,A6,A,6,650,0.037
CCK BW1 H11 D12 2H11.xlsx,062723,2023-06-30,A7,A,7,650,0.036
CCK BW1 H11 D12 2H11.xlsx,062723,2023-06-30,A8,A,8,650,0.036
CCK BW1 H11 D12 2H11.xlsx,062723,2023-06-30,A9,A,9,650,0.039
CCK BW1 H11 D12 2H11.xlsx,062723,2023-06-30,A10,A,10,650,0.036
CCK BW1 H11 D12 2H11.xlsx,062723,2023-06-30,A11,A,11,650,0.036
CCK BW1 H11 D12 2H11.xlsx,062723,2023-06-30,A12,A,12,650,0.043
CCK BW1 H11 D12 2H11.xlsx,062723,2023-06-30,A1,A,1,Delta,0.003
CCK BW1 H11 D12 2H11.xlsx,062723,2023-06-30,A2,A,2,Delta,0.003
CCK BW1 H11 D12 2H11.xlsx,062723,2023-06-30,A3,A,3,Delta,0.003
CCK BW1 H11 D12 2H11.xlsx,062723,2023-06-30,A4,A,4,Delta,0.006
CCK BW1 H11 D12 2H11.xlsx,062723,2023-06-30,A5,A,5,Delta,0.001
CCK BW1 H11 D12 2H11.xlsx,062723,2023-06-30,A6,A,6,Delta,0.003
CCK BW1 H11 D12 2H11.xlsx,062723,2023-06-30,A7,A,7,Delta,0.006
CCK BW1 H11 D12 2H11.xlsx,062723,2023-06-30,A8,A,8,Delta,0.003
CCK BW1 H11 D12 2H11.xlsx,062723,2023-06-30,A9,A,9,Delta,0.002
CCK BW1 H11 D12 2H11.xlsx,062723,2023-06-30,A10,A,10,Delta,0.004
CCK BW1 H11 D12 2H11.xlsx,062723,2023-06-30,A11,A,11,Delta,0.004
CCK BW1 H11 D12 2H11.xlsx,062723,2023-06-30,A12,A,12,Delta,0.005
CCK BW1 H11 D12 2H11.xlsx,062723,2023-06-30,B1,B,1,450,0.04
CCK BW1 H11 D12 2H11.xlsx,062723,2023-06-30,B2,B,2,450,1.025
CCK BW1 H11 D12 2H11.xlsx,062723,2023-06-30,B3,B,3,450,0.898
CCK BW1 H11 D12 2H11.xlsx,062723,2023-06-30,B4,B,4,450,0.988
CCK BW1 H11 D12 2H11.xlsx,062723,2023-06-30,B5,B,5,450,0.681
CCK BW1 H11 D12 2H11.xlsx,062723,2023-06-30,B6,B,6,450,0.714
CCK BW1 H11 D12 2H11.xlsx,062723,2023-06-30,B7,B,7,450,0.653
CCK BW1 H11 D12 2H11.xlsx,062723,2023-06-30,B8,B,8,450,0.933
CCK BW1 H11 D12 2H11.xlsx,062723,2023-06-30,B9,B,9,450,0.878
CCK BW1 H11 D12 2H11.xlsx,062723,2023-06-30,B10,B,10,450,0.961
CCK BW1 H11 D12 2H11.xlsx,062723,2023-06-30,B11,B,11,450,0.039
CCK BW1 H11 D12 2H11.xlsx,062723,2023-06-30,B12,B,12,450,0.049
CCK BW1 H11 D12 2H11.xlsx,062723,2023-06-30,B1,B,1,650,0.039
CCK BW1 H11 D12 2H11.xlsx,062723,2023-06-30,B2,B,2,650,0.071
CCK BW1 H11 D12 2H11.xlsx,062723,2023-06-30,B3,B,3,650,0.075
CCK BW1 H11 D12 2H11.xlsx,062723,2023-06-30,B4,B,4,650,0.072
CCK BW1 H11 D12 2H11.xlsx,062723,2023-06-30,B5,B,5,650,0.056
CCK BW1 H11 D12 2H11.xlsx,062723,2023-06-30,B6,B,6,650,0.054
CCK BW1 H11 D12 2H11.xlsx,062723,2023-06-30,B7,B,7,650,0.055
CCK BW1 H11 D12 2H11.xlsx,062723,2023-06-30,B8,B,8,650,0.051
CCK BW1 H11 D12 2H11.xlsx,062723,2023-06-30,B9,B,9,650,0.049
CCK BW1 H11 D12 2H11.xlsx,062723,2023-06-30,B10,B,10,650,0.053
CCK BW1 H11 D12 2H11.xlsx,062723,2023-06-30,B11,B,11,650,0.037
CCK BW1 H11 D12 2H11.xlsx,062723,2023-06-30,B12,B,12,650,0.042
CCK BW1 H11 D12 2H11.xlsx,062723,2023-06-30,B1,B,1,Delta,0.001
CCK BW1 H11 D12 2H11.xlsx,062723,2023-06-30,B2,B,2,Delta,0.953
CCK BW1 H11 D12 2H11.xlsx,062723,2023-06-30,B3,B,3,Delta,0.824
CCK BW1 H11 D12 2H11.xlsx,062723,2023-06-30,B4,B,4,Delta,0.915
CCK BW1 H11 D12 2H11.xlsx,062723,2023-06-30,B5,B,5,Delta,0.624
CCK BW1 H11 D12 2H11.xlsx,062723,2023-06-30,B6,B,6,Delta,0.66
CCK BW1 H11 D12 2H11.xlsx,062723,2023-06-30,B7,B,7,Delta,0.598
CCK BW1 H11 D12 2H11.xlsx,062723,2023-06-30,B8,B,8,Delta,0.882
CCK BW1 H11 D12 2H11.xlsx,062723,2023-06-30,B9,B,9,Delta,0.828
CCK BW1 H11 D12 2H11.xlsx,062723,2023-06-30,B10,B,10,Delta,0.908
CCK BW1 H11 D12 2H11.xlsx,062723,2023-06-30,B11,B,11,Delta,0.002
CCK BW1 H11 D12 2H11.xlsx,062723,2023-06-30,B12,B,12,Delta,0.007
CCK BW1 H11 D12 2H11.xlsx,062723,2023-06-30,C1,C,1,450,0.041
CCK BW1 H11 D12 2H11.xlsx,062723,2023-06-30,C2,C,2,450,0.9
CCK BW1 H11 D12 2H11.xlsx,062723,2023-06-30,C3,C,3,450,0.922
CCK BW1 H11 D12 2H11.xlsx,062723,2023-06-30,C4,C,4,450,0.913
CCK BW1 H11 D12 2H11.xlsx,062723,2023-06-30,C5,C,5,450,0.657
CCK BW1 H11 D12 2H11.xlsx,062723,2023-06-30,C6,C,6,450,0.72
CCK BW1 H11 D12 2H11.xlsx,062723,2023-06-30,C7,C,7,450,0.709
CCK BW1 H11 D12 2H11.xlsx,062723,2023-06-30,C8,C,8,450,0.94
CCK BW1 H11 D12 2H11.xlsx,062723,2023-06-30,C9,C,9,450,0.901
CCK BW1 H11 D12 2H11.xlsx,062723,2023-06-30,C10,C,10,450,0.88
CCK BW1 H11 D12 2H11.xlsx,062723,2023-06-30,C11,C,11,450,0.04
CCK BW1 H11 D12 2H11.xlsx,062723,2023-06-30,C12,C,12,450,0.048
CCK BW1 H11 D12 2H11.xlsx,062723,2023-06-30,C1,C,1,650,0.036
CCK BW1 H11 D12 2H11.xlsx,062723,2023-06-30,C2,C,2,650,0.071
CCK BW1 H11 D12 2H11.xlsx,062723,2023-06-30,C3,C,3,650,0.075
CCK BW1 H11 D12 2H11.xlsx,062723,2023-06-30,C4,C,4,650,0.076
CCK BW1 H11 D12 2H11.xlsx,062723,2023-06-30,C5,C,5,650,0.054
CCK BW1 H11 D12 2H11.xlsx,062723,2023-06-30,C6,C,6,650,0.055
CCK BW1 H11 D12 2H11.xlsx,062723,2023-06-30,C7,C,7,650,0.055
CCK BW1 H11 D12 2H11.xlsx,062723,2023-06-30,C8,C,8,650,0.051
CCK BW1 H11 D12 2H11.xlsx,062723,2023-06-30,C9,C,9,650,0.05
CCK BW1 H11 D12 2H11.xlsx,062723,2023-06-30,C10,C,10,650,0.05
CCK BW1 H11 D12 2H11.xlsx,062723,2023-06-30,C11,C,11,650,0.036
CCK BW1 H11 D12 2H11.xlsx,062723,2023-06-30,C12,C,12,650,0.043
CCK BW1 H11 D12 2H11.xlsx,062723,2023-06-30,C1,C,1,Delta,0.004
CCK BW1 H11 D12 2H11.xlsx,062723,2023-06-30,C2,C,2,Delta,0.829
CCK BW1 H11 D12 2H11.xlsx,062723,2023-06-30,C3,C,3,Delta,0.847
CCK BW1 H11 D12 2H11.xlsx,062723,2023-06-30,C4,C,4,Delta,0.837
CCK BW1 H11 D12 2H11.xlsx,062723,2023-06-30,C5,C,5,Delta,0.602
CCK BW1 H11 D12 2H11.xlsx,062723,2023-06-30,C6,C,6,Delta,0.665
CCK BW1 H11 D12 2H11.xlsx,062723,2023-06-30,C7,C,7,Delta,0.654
CCK BW1 H11 D12 2H11.xlsx,062723,2023-06-30,C8,C,8,Delta,0.889
CCK BW1 H11 D12 2H11.xlsx,062723,2023-06-30,C9,C,9,Delta,0.851
CCK BW1 H11 D12 2H11.xlsx,062723,2023-06-30,C10,C,10,Delta,0.83
CCK BW1 H11 D12 2H11.xlsx,062723,2023-06-30,C11,C,11,Delta,0.003
CCK BW1 H11 D12 2H11.xlsx,062723,2023-06-30,C12,C,12,Delta,0.005
CCK BW1 H11 D12 2H11.xlsx,062723,2023-06-30,D1,D,1,450,0.046
CCK BW1 H11 D12 2H11.xlsx,062723,2023-06-30,D2,D,2,450,0.898
CCK BW1 H11 D12 2H11.xlsx,062723,2023-06-30,D3,D,3,450,0.816
CCK BW1 H11 D12 2H11.xlsx,062723,2023-06-30,D4,D,4,450,0.868
CCK BW1 H11 D12 2H11.xlsx,062723,2023-06-30,D5,D,5,450,0.484
CCK BW1 H11 D12 2H11.xlsx,062723,2023-06-30,D6,D,6,450,0.478
CCK BW1 H11 D12 2H11.xlsx,062723,2023-06-30,D7,D,7,450,0.489
CCK BW1 H11 D12 2H11.xlsx,062723,2023-06-30,D8,D,8,450,0.943
CCK BW1 H11 D12 2H11.xlsx,062723,2023-06-30,D9,D,9,450,0.884
CCK BW1 H11 D12 2H11.xlsx,062723,2023-06-30,D10,D,10,450,0.874
CCK BW1 H11 D12 2H11.xlsx,062723,2023-06-30,D11,D,11,450,0.042
CCK BW1 H11 D12 2H11.xlsx,062723,2023-06-30,D12,D,12,450,0.047
CCK BW1 H11 D12 2H11.xlsx,062723,2023-06-30,D1,D,1,650,0.043
CCK BW1 H11 D12 2H11.xlsx,062723,2023-06-30,D2,D,2,650,0.075
CCK BW1 H11 D12 2H11.xlsx,062723,2023-06-30,D3,D,3,650,0.076
CCK BW1 H11 D12 2H11.xlsx,062723,2023-06-30,D4,D,4,650,0.06
CCK BW1 H11 D12 2H11.xlsx,062723,2023-06-30,D5,D,5,650,0.056
CCK BW1 H11 D12 2H11.xlsx,062723,2023-06-30,D6,D,6,650,0.051
CCK BW1 H11 D12 2H11.xlsx,062723,2023-06-30,D7,D,7,650,0.051
CCK BW1 H11 D12 2H11.xlsx,062723,2023-06-30,D8,D,8,650,0.053
CCK BW1 H11 D12 2H11.xlsx,062723,2023-06-30,D9,D,9,650,0.054
CCK BW1 H11 D12 2H11.xlsx,062723,2023-06-30,D10,D,10,650,0.052
CCK BW1 H11 D12 2H11.xlsx,062723,2023-06-30,D11,D,11,650,0.038
CCK BW1 H11 D12 2H11.xlsx,062723,2023-06-30,D12,D,12,650,0.043
CCK BW1 H11 D12 2H11.xlsx,062723,2023-06-30,D1,D,1,Delta,0.003
CCK BW1 H11 D12 2H11.xlsx,062723,2023-06-30,D2,D,2,Delta,0.823
CCK BW1 H11 D12 2H11.xlsx,062723,2023-06-30,D3,D,3,Delta,0.74
CCK BW1 H11 D12 2H11.xlsx,062723,2023-06-30,D4,D,4,Delta,0.808
CCK BW1 H11 D12 2H11.xlsx,062723,2023-06-30,D5,D,5,Delta,0.428
CCK BW1 H11 D12 2H11.xlsx,062723,2023-06-30,D6,D,6,Delta,0.427
CCK BW1 H11 D12 2H11.xlsx,062723,2023-06-30,D7,D,7,Delta,0.438
CCK BW1 H11 D12 2H11.xlsx,062723,2023-06-30,D8,D,8,Delta,0.89
CCK BW1 H11 D12 2H11.xlsx,062723,2023-06-30,D9,D,9,Delta,0.83
CCK BW1 H11 D12 2H11.xlsx,062723,2023-06-30,D10,D,10,Delta,0.822
CCK BW1 H11 D12 2H11.xlsx,062723,2023-06-30,D11,D,11,Delta,0.003
CCK BW1 H11 D12 2H11.xlsx,062723,2023-06-30,D12,D,12,Delta,0.004
CCK BW1 H11 D12 2H11.xlsx,062723,2023-06-30,E1,E,1,450,0.042
CCK BW1 H11 D12 2H11.xlsx,062723,2023-06-30,E2,E,2,450,0.234
CCK BW1 H11 D12 2H11.xlsx,062723,2023-06-30,E3,E,3,450,0.257
CCK BW1 H11 D12 2H11.xlsx,062723,2023-06-30,E4,E,4,450,0.241
CCK BW1 H11 D12 2H11.xlsx,062723,2023-06-30,E5,E,5,450,0.158
CCK BW1 H11 D12 2H11.xlsx,062723,2023-06-30,E6,E,6,450,0.162
CCK BW1 H11 D12 2H11.xlsx,062723,2023-06-30,E7,E,7,450,0.16
CCK BW1 H11 D12 2H11.xlsx,062723,2023-06-30,E8,E,8,450,0.156
CCK BW1 H11 D12 2H11.xlsx,062723,2023-06-30,E9,E,9,450,0.156
CCK BW1 H11 D12 2H11.xlsx,062723,2023-06-30,E10,E,10,450,0.156
CCK BW1 H11 D12 2H11.xlsx,062723,2023-06-30,E11,E,11,450,0.042
CCK BW1 H11 D12 2H11.xlsx,062723,2023-06-30,E12,E,12,450,0.05
CCK BW1 H11 D12 2H11.xlsx,062723,2023-06-30,E1,E,1,650,0.039
CCK BW1 H11 D12 2H11.xlsx,062723,2023-06-30,E2,E,2,650,0.05
CCK BW1 H11 D12 2H11.xlsx,062723,2023-06-30,E3,E,3,650,0.055
CCK BW1 H11 D12 2H11.xlsx,062723,2023-06-30,E4,E,4,650,0.054
CCK BW1 H11 D12 2H11.xlsx,062723,2023-06-30,E5,E,5,650,0.042
CCK BW1 H11 D12 2H11.xlsx,062723,2023-06-30,E6,E,6,650,0.046
CCK BW1 H11 D12 2H11.xlsx,062723,2023-06-30,E7,E,7,650,0.045
CCK BW1 H11 D12 2H11.xlsx,062723,2023-06-30,E8,E,8,650,0.046
CCK BW1 H11 D12 2H11.xlsx,062723,2023-06-30,E9,E,9,650,0.046
CCK BW1 H11 D12 2H11.xlsx,062723,2023-06-30,E10,E,10,650,0.043
CCK BW1 H11 D12 2H11.xlsx,062723,2023-06-30,E11,E,11,650,0.039
CCK BW1 H11 D12 2H11.xlsx,062723,2023-06-30,E12,E,12,650,0.047
CCK BW1 H11 D12 2H11.xlsx,062723,2023-06-30,E1,E,1,Delta,0.003
CCK BW1 H11 D12 2H11.xlsx,062723,2023-06-30,E2,E,2,Delta,0.183
CCK BW1 H11 D12 2H11.xlsx,062723,2023-06-30,E3,E,3,Delta,0.203
CCK BW1 H11 D12 2H11.xlsx,062723,2023-06-30,E4,E,4,Delta,0.187
CCK BW1 H11 D12 2H11.xlsx,062723,2023-06-30,E5,E,5,Delta,0.116
CCK BW1 H11 D12 2H11.xlsx,062723,2023-06-30,E6,E,6,Delta,0.116
CCK BW1 H11 D12 2H11.xlsx,062723,2023-06-30,E7,E,7,Delta,0.116
CCK BW1 H11 D12 2H11.xlsx,062723,2023-06-30,E8,E,8,Delta,0.11
CCK BW1 H11 D12 2H11.xlsx,062723,2023-06-30,E9,E,9,Delta,0.11
CCK BW1 H11 D12 2H11.xlsx,062723,2023-06-30,E10,E,10,Delta,0.113
CCK BW1 H11 D12 2H11.xlsx,062723,2023-06-30,E11,E,11,Delta,0.003
CCK BW1 H11 D12 2H11.xlsx,062723,2023-06-30,E12,E,12,Delta,0.003
CCK BW1 H11 D12 2H11.xlsx,062723,2023-06-30,F1,F,1,450,0.041
CCK BW1 H11 D12 2H11.xlsx,062723,2023-06-30,F2,F,2,450,0.151
CCK BW1 H11 D12 2H11.xlsx,062723,2023-06-30,F3,F,3,450,0.165
CCK BW1 H11 D12 2H11.xlsx,062723,2023-06-30,F4,F,4,450,0.161
CCK BW1 H11 D12 2H11.xlsx,062723,2023-06-30,F5,F,5,450,0.154
CCK BW1 H11 D12 2H11.xlsx,062723,2023-06-30,F6,F,6,450,0.152
CCK BW1 H11 D12 2H11.xlsx,062723,2023-06-30,F7,F,7,450,0.151
CCK BW1 H11 D12 2H11.xlsx,062723,2023-06-30,F8,F,8,450,0.146
CCK BW1 H11 D12 2H11.xlsx,062723,2023-06-30,F9,F,9,450,0.154
CCK BW1 H11 D12 2H11.xlsx,062723,2023-06-30,F10,F,10,450,0.15
CCK BW1 H11 D12 2H11.xlsx,062723,2023-06-30,F11,F,11,450,0.053
CCK BW1 H11 D12 2H11.xlsx,062723,2023-06-30,F12,F,12,450,0.049
CCK BW1 H11 D12 2H11.xlsx,062723,2023-06-30,F1,F,1,650,0.037
CCK BW1 H11 D12 2H11.xlsx,062723,2023-06-30,F2,F,2,650,0.046
CCK BW1 H11 D12 2H11.xlsx,062723,2023-06-30,F3,F,3,650,0.05
CCK BW1 H11 D12 2H11.xlsx,062723,2023-06-30,F4,F,4,650,0.048
CCK BW1 H11 D12 2H11.xlsx,062723,2023-06-30,F5,F,5,650,0.044
CCK BW1 H11 D12 2H11.xlsx,062723,2023-06-30,F6,F,6,650,0.043
CCK BW1 H11 D12 2H11.xlsx,062723,2023-06-30,F7,F,7,650,0.043
CCK BW1 H11 D12 2H11.xlsx,062723,2023-06-30,F8,F,8,650,0.039
CCK BW1 H11 D12 2H11.xlsx,062723,2023-06-30,F9,F,9,650,0.046
CCK BW1 H11 D12 2H11.xlsx,062723,2023-06-30,F10,F,10,650,0.044
CCK BW1 H11 D12 2H11.xlsx,062723,2023-06-30,F11,F,11,650,0.048
CCK BW1 H11 D12 2H11.xlsx,062723,2023-06-30,F12,F,12,650,0.047
CCK BW1 H11 D12 2H11.xlsx,062723,2023-06-30,F1,F,1,Delta,0.003
CCK BW1 H11 D12 2H11.xlsx,062723,2023-06-30,F2,F,2,Delta,0.105
CCK BW1 H11 D12 2H11.xlsx,062723,2023-06-30,F3,F,3,Delta,0.115
CCK BW1 H11 D12 2H11.xlsx,062723,2023-06-30,F4,F,4,Delta,0.113
CCK BW1 H11 D12 2H11.xlsx,062723,2023-06-30,F5,F,5,Delta,0.11
CCK BW1 H11 D12 2H11.xlsx,062723,2023-06-30,F6,F,6,Delta,0.108
CCK BW1 H11 D12 2H11.xlsx,062723,2023-06-30,F7,F,7,Delta,0.108
CCK BW1 H11 D12 2H11.xlsx,062723,2023-06-30,F8,F,8,Delta,0.107
CCK BW1 H11 D12 2H11.xlsx,062723,2023-06-30,F9,F,9,Delta,0.107
CCK BW1 H11 D12 2H11.xlsx,062723,2023-06-30,F10,F,10,Delta,0.106
CCK BW1 H11 D12 2H11.xlsx,062723,2023-06-30,F11,F,11,Delta,0.005
CCK BW1 H11 D12 2H11.xlsx,062723,2023-06-30,F12,F,12,Delta,0.002
CCK BW1 H11 D12 2H11.xlsx,062723,2023-06-30,G1,G,1,450,0.038
CCK BW1 H11 D12 2H11.xlsx,062723,2023-06-30,G2,G,2,450,0.145
CCK BW1 H11 D12 2H11.xlsx,062723,2023-06-30,G3,G,3,450,0.151
CCK BW1 H11 D12 2H11.xlsx,062723,2023-06-30,G4,G,4,450,0.172
CCK BW1 H11 D12 2H11.xlsx,062723,2023-06-30,G5,G,5,450,0.155
CCK BW1 H11 D12 2H11.xlsx,062723,2023-06-30,G6,G,6,450,0.153
CCK BW1 H11 D12 2H11.xlsx,062723,2023-06-30,G7,G,7,450,0.154
CCK BW1 H11 D12 2H11.xlsx,062723,2023-06-30,G8,G,8,450,0.152
CCK BW1 H11 D12 2H11.xlsx,062723,2023-06-30,G9,G,9,450,0.15
CCK BW1 H11 D12 2H11.xlsx,062723,2023-06-30,G10,G,10,450,0.159
CCK BW1 H11 D12 2H11.xlsx,062723,2023-06-30,G11,G,11,450,0.058
CCK BW1 H11 D12 2H11.xlsx,062723,2023-06-30,G12,G,12,450,0.047
CCK BW1 H11 D12 2H11.xlsx,062723,2023-06-30,G1,G,1,650,0.038
CCK BW1 H11 D12 2H11.xlsx,062723,2023-06-30,G2,G,2,650,0.047
CCK BW1 H11 D12 2H11.xlsx,062723,2023-06-30,G3,G,3,650,0.051
CCK BW1 H11 D12 2H11.xlsx,062723,2023-06-30,G4,G,4,650,0.065
CCK BW1 H11 D12 2H11.xlsx,062723,2023-06-30,G5,G,5,650,0.049
CCK BW1 H11 D12 2H11.xlsx,062723,2023-06-30,G6,G,6,650,0.048
CCK BW1 H11 D12 2H11.xlsx,062723,2023-06-30,G7,G,7,650,0.048
CCK BW1 H11 D12 2H11.xlsx,062723,2023-06-30,G8,G,8,650,0.048
CCK BW1 H11 D12 2H11.xlsx,062723,2023-06-30,G9,G,9,650,0.048
CCK BW1 H11 D12 2H11.xlsx,062723,2023-06-30,G10,G,10,650,0.048
CCK BW1 H11 D12 2H11.xlsx,062723,2023-06-30,G11,G,11,650,0.05
CCK BW1 H11 D12 2H11.xlsx,062723,2023-06-30,G12,G,12,650,0.047
CCK BW1 H11 D12 2H11.xlsx,062723,2023-06-30,G1,G,1,Delta,0.0
CCK BW1 H11 D12 2H11.xlsx,062723,2023-06-30,G2,G,2,Delta,0.098
CCK BW1 H11 D12 2H11.xlsx,062723,2023-06-30,G3,G,3,Delta,0.1
CCK BW1 H11 D12 2H11.xlsx,062723,2023-06-30,G4,G,4,Delta,0.107
CCK BW1 H11 D12 2H11.xlsx,062723,2023-06-30,G5,G,5,Delta,0.106
CCK BW1 H11 D12 2H11.xlsx,062723,2023-06-30,G6,G,6,Delta,0.105
CCK BW1 H11 D12 2H11.xlsx,062723,2023-06-30,G7,G,7,Delta,0.106
CCK BW1 H11 D12 2H11.xlsx,062723,2023-06-30,G8,G,8,Delta,0.104
CCK BW1 H11 D12 2H11.xlsx,062723,2023-06-30,G9,G,9,Delta,0.103
CCK BW1 H11 D12 2H11.xlsx,062723,2023-06-30,G10,G,10,Delta,0.111
CCK BW1 H11 D12 2H11.xlsx,062723,2023-06-30,G11,G,11,Delta,0.009
CCK BW1 H11 D12 2H11.xlsx,062723,2023-06-30,G12,G,12,Delta,0.001
CCK BW1 H11 D12 2H11.xlsx,062723,2023-06-30,H1,H,1,450,0.039
CCK BW1 H11 D12 2H11.xlsx,062723,2023-06-30,H2,H,2,450,0.04
CCK BW1 H11 D12 2H11.xlsx,062723,2023-06-30,H3,H,3,450,0.04
CCK BW1 H11 D12 2H11.xlsx,062723,2023-06-30,H4,H,4,450,0.041
CCK BW1 H11 D12 2H11.xlsx,062723,2023-06-30,H5,H,5,450,0.041
CCK BW1 H11 D12 2H11.xlsx,062723,2023-06-30,H6,H,6,450,0.041
CCK BW1 H11 D12 2H11.xlsx,062723,2023-06-30,H7,H,7,450,0.038
CCK BW1 H11 D12 2H11.xlsx,062723,2023-06-30,H8,H,8,450,0.04
CCK BW1 H11 D12 2H11.xlsx,062723,2023-06-30,H9,H,9,450,0.05
CCK BW1 H11 D12 2H11.xlsx,062723,2023-06-30,H10,H,10,450,0.041
CCK BW1 H11 D12 2H11.xlsx,062723,2023-06-30,H11,H,11,450,0.041
CCK BW1 H11 D12 2H11.xlsx,062723,2023-06-30,H12,H,12,450,0.051
CCK BW1 H11 D12 2H11.xlsx,062723,2023-06-30,H1,H,1,650,0.038
CCK BW1 H11 D12 2H11.xlsx,062723,2023-06-30,H2,H,2,650,0.037
CCK BW1 H11 D12 2H11.xlsx,062723,2023-06-30,H3,H,3,650,0.037
CCK BW1 H11 D12 2H11.xlsx,062723,2023-06-30,H4,H,4,650,0.037
CCK BW1 H11 D12 2H11.xlsx,062723,2023-06-30,H5,H,5,650,0.035
CCK BW1 H11 D12 2H11.xlsx,062723,2023-06-30,H6,H,6,650,0.037
CCK BW1 H11 D12 2H11.xlsx,062723,2023-06-30,H7,H,7,650,0.037
CCK BW1 H11 D12 2H11.xlsx,062723,2023-06-30,H8,H,8,650,0.035
CCK BW1 H11 D12 2H11.xlsx,062723,2023-06-30,H9,H,9,650,0.043
CCK BW1 H11 D12 2H11.xlsx,062723,2023-06-30,H10,H,10,650,0.038
CCK BW1 H11 D12 2H11.xlsx,062723,2023-06-30,H11,H,11,650,0.036
CCK BW1 H11 D12 2H11.xlsx,062723,2023-06-30,H12,H,12,650,0.047
CCK BW1 H11 D12 2H11.xlsx,062723,2023-06-30,H1,H,1,Delta,0.001
CCK BW1 H11 D12 2H11.xlsx,062723,2023-06-30,H2,H,2,Delta,0.002
CCK BW1 H11 D12 2H11.xlsx,062723,2023-06-30,H3,H,3,Delta,0.003
CCK BW1 H11 D12 2H11.xlsx,062723,2023-06-30,H4,H,4,Delta,0.004
CCK BW1 H11 D12 2H11.xlsx,062723,2023-06-30,H5,H,5,Delta,0.006
CCK BW1 H11 D12 2H11.xlsx,062723,2023-06-30,H6,H,6,Delta,0.004
CCK BW1 H11 D12 2H11.xlsx,062723,2023-06-30,H7,H,7,Delta,0.001
CCK BW1 H11 D12 2H11.xlsx,062723,2023-06-30,H8,H,8,Delta,0.005
CCK BW1 H11 D12 2H11.xlsx,062723,2023-06-30,H9,H,9,Delta,0.007
CCK BW1 H11 D12 2H11.xlsx,062723,2023-06-30,H10,H,10,Delta,0.003
CCK BW1 H11 D12 2H11.xlsx,062723,2023-06-30,H11,H,11,Delta,0.005
CCK BW1 H11 D12 2H11.xlsx,062723,2023-06-30,H12,H,12,Delta,0.005
CCK BW1 H11 D12 2H11.xlsx,070423,2023-07-07,A1,A,1,450,0.044
CCK BW1 H11 D12 2H11.xlsx,070423,2023-07-07,A2,A,2,450,0.041
CCK BW1 H11 D12 2H11.xlsx,070423,2023-07-07,A3,A,3,450,0.039
CCK BW1 H11 D12 2H11.xlsx,070423,2023-07-07,A4,A,4,450,0.042
CCK BW1 H11 D12 2H11.xlsx,070423,2023-07-07,A5,A,5,450,0.039
CCK BW1 H11 D12 2H11.xlsx,070423,2023-07-07,A6,A,6,450,0.042
CCK BW1 H11 D12 2H11.xlsx,070423,2023-07-07,A7,A,7,450,0.042
CCK BW1 H11 D12 2H11.xlsx,070423,2023-07-07,A8,A,8,450,0.04
CCK BW1 H11 D12 2H11.xlsx,070423,2023-07-07,A9,A,9,450,0.04
CCK BW1 H11 D12 2H11.xlsx,070423,2023-07-07,A10,A,10,450,0.04
CCK BW1 H11 D12 2H11.xlsx,070423,2023-07-07,A11,A,11,450,0.04
CCK BW1 H11 D12 2H11.xlsx,070423,2023-07-07,A12,A,12,450,0.047
CCK BW1 H11 D12 2H11.xlsx,070423,2023-07-07,A1,A,1,650,0.042
CCK BW1 H11 D12 2H11.xlsx,070423,2023-07-07,A2,A,2,650,0.037
CCK BW1 H11 D12 2H11.xlsx,070423,2023-07-07,A3,A,3,650,0.036
CCK BW1 H11 D12 2H11.xlsx,070423,2023-07-07,A4,A,4,650,0.035
CCK BW1 H11 D12 2H11.xlsx,070423,2023-07-07,A5,A,5,650,0.037
CCK BW1 H11 D12 2H11.xlsx,070423,2023-07-07,A6,A,6,650,0.038
CCK BW1 H11 D12 2H11.xlsx,070423,2023-07-07,A7,A,7,650,0.036
CCK BW1 H11 D12 2H11.xlsx,070423,2023-07-07,A8,A,8,650,0.036
CCK BW1 H11 D12 2H11.xlsx,070423,2023-07-07,A9,A,9,650,0.037
CCK BW1 H11 D12 2H11.xlsx,070423,2023-07-07,A10,A,10,650,0.036
CCK BW1 H11 D12 2H11.xlsx,070423,2023-07-07,A11,A,11,650,0.035
CCK BW1 H11 D12 2H11.xlsx,070423,2023-07-07,A12,A,12,650,0.043
CCK BW1 H11 D12 2H11.xlsx,070423,2023-07-07,A1,A,1,Delta,0.002
CCK BW1 H11 D12 2H11.xlsx,070423,2023-07-07,A2,A,2,Delta,0.005
CCK BW1 H11 D12 2H11.xlsx,070423,2023-07-07,A3,A,3,Delta,0.003
CCK BW1 H11 D12 2H11.xlsx,070423,2023-07-07,A4,A,4,Delta,0.006
CCK BW1 H11 D12 2H11.xlsx,070423,2023-07-07,A5,A,5,Delta,0.001
CCK BW1 H11 D12 2H11.xlsx,070423,2023-07-07,A6,A,6,Delta,0.004
CCK BW1 H11 D12 2H11.xlsx,070423,2023-07-07,A7,A,7,Delta,0.006
CCK BW1 H11 D12 2H11.xlsx,070423,2023-07-07,A8,A,8,Delta,0.004
CCK BW1 H11 D12 2H11.xlsx,070423,2023-07-07,A9,A,9,Delta,0.003
CCK BW1 H11 D12 2H11.xlsx,070423,2023-07-07,A10,A,10,Delta,0.004
CCK BW1 H11 D12 2H11.xlsx,070423,2023-07-07,A11,A,11,Delta,0.005
CCK BW1 H11 D12 2H11.xlsx,070423,2023-07-07,A12,A,12,Delta,0.005
CCK BW1 H11 D12 2H11.xlsx,070423,2023-07-07,B1,B,1,450,0.04
CCK BW1 H11 D12 2H11.xlsx,070423,2023-07-07,B2,B,2,450,0.84
CCK BW1 H11 D12 2H11.xlsx,070423,2023-07-07,B3,B,3,450,0.77
CCK BW1 H11 D12 2H11.xlsx,070423,2023-07-07,B4,B,4,450,0.853
CCK BW1 H11 D12 2H11.xlsx,070423,2023-07-07,B5,B,5,450,0.977
CCK BW1 H11 D12 2H11.xlsx,070423,2023-07-07,B6,B,6,450,0.677
CCK BW1 H11 D12 2H11.xlsx,070423,2023-07-07,B7,B,7,450,0.85
CCK BW1 H11 D12 2H11.xlsx,070423,2023-07-07,B8,B,8,450,1.187
CCK BW1 H11 D12 2H11.xlsx,070423,2023-07-07,B9,B,9,450,1.367
CCK BW1 H11 D12 2H11.xlsx,070423,2023-07-07,B10,B,10,450,1.499
CCK BW1 H11 D12 2H11.xlsx,070423,2023-07-07,B11,B,11,450,0.04
CCK BW1 H11 D12 2H11.xlsx,070423,2023-07-07,B12,B,12,450,0.05
CCK BW1 H11 D12 2H11.xlsx,070423,2023-07-07,B1,B,1,650,0.038
CCK BW1 H11 D12 2H11.xlsx,070423,2023-07-07,B2,B,2,650,0.057
CCK BW1 H11 D12 2H11.xlsx,070423,2023-07-07,B3,B,3,650,0.051
CCK BW1 H11 D12 2H11.xlsx,070423,2023-07-07,B4,B,4,650,0.053
CCK BW1 H11 D12 2H11.xlsx,070423,2023-07-07,B5,B,5,650,0.057
CCK BW1 H11 D12 2H11.xlsx,070423,2023-07-07,B6,B,6,650,0.053
CCK BW1 H11 D12 2H11.xlsx,070423,2023-07-07,B7,B,7,650,0.057
CCK BW1 H11 D12 2H11.xlsx,070423,2023-07-07,B8,B,8,650,0.054
CCK BW1 H11 D12 2H11.xlsx,070423,2023-07-07,B9,B,9,650,0.053
CCK BW1 H11 D12 2H11.xlsx,070423,2023-07-07,B10,B,10,650,0.051
CCK BW1 H11 D12 2H11.xlsx,070423,2023-07-07,B11,B,11,650,0.037
CCK BW1 H11 D12 2H11.xlsx,070423,2023-07-07,B12,B,12,650,0.043
CCK BW1 H11 D12 2H11.xlsx,070423,2023-07-07,B1,B,1,Delta,0.001
CCK BW1 H11 D12 2H11.xlsx,070423,2023-07-07,B2,B,2,Delta,0.783
CCK BW1 H11 D12 2H11.xlsx,070423,2023-07-07,B3,B,3,Delta,0.719
CCK BW1 H11 D12 2H11.xlsx,070423,2023-07-07,B4,B,4,Delta,0.8
CCK BW1 H11 D12 2H11.xlsx,070423,2023-07-07,B5,B,5,Delta,0.919
CCK BW1 H11 D12 2H11.xlsx,070423,2023-07-07,B6,B,6,Delta,0.623
CCK BW1 H11 D12 2H11.xlsx,070423,2023-07-07,B7,B,7,Delta,0.793
CCK BW1 H11 D12 2H11.xlsx,070423,2023-07-07,B8,B,8,Delta,1.132
CCK BW1 H11 D12 2H11.xlsx,070423,2023-07-07,B9,B,9,Delta,1.314
CCK BW1 H11 D12 2H11.xlsx,070423,2023-07-07,B10,B,10,Delta,1.448
CCK BW1 H11 D12 2H11.xlsx,070423,2023-07-07,B11,B,11,Delta,0.003
CCK BW1 H11 D12 2H11.xlsx,070423,2023-07-07,B12,B,12,Delta,0.007
CCK BW1 H11 D12 2H11.xlsx,070423,2023-07-07,C1,C,1,450,0.041
CCK BW1 H11 D12 2H11.xlsx,070423,2023-07-07,C2,C,2,450,0.804
CCK BW1 H11 D12 2H11.xlsx,070423,2023-07-07,C3,C,3,450,0.763
CCK BW1 H11 D12 2H11.xlsx,070423,2023-07-07,C4,C,4,450,0.804
CCK BW1 H11 D12 2H11.xlsx,070423,2023-07-07,C5,C,5,450,0.863
CCK BW1 H11 D12 2H11.xlsx,070423,2023-07-07,C6,C,6,450,0.837
CCK BW1 H11 D12 2H11.xlsx,070423,2023-07-07,C7,C,7,450,0.895
CCK BW1 H11 D12 2H11.xlsx,070423,2023-07-07,C8,C,8,450,1.251
CCK BW1 H11 D12 2H11.xlsx,070423,2023-07-07,C9,C,9,450,1.684
CCK BW1 H11 D12 2H11.xlsx,070423,2023-07-07,C10,C,10,450,1.516
CCK BW1 H11 D12 2H11.xlsx,070423,2023-07-07,C11,C,11,450,0.04
CCK BW1 H11 D12 2H11.xlsx,070423,2023-07-07,C12,C,12,450,0.049
CCK BW1 H11 D12 2H11.xlsx,070423,2023-07-07,C1,C,1,650,0.036
CCK BW1 H11 D12 2H11.xlsx,070423,2023-07-07,C2,C,2,650,0.058
CCK BW1 H11 D12 2H11.xlsx,070423,2023-07-07,C3,C,3,650,0.059
CCK BW1 H11 D12 2H11.xlsx,070423,2023-07-07,C4,C,4,650,0.055
CCK BW1 H11 D12 2H11.xlsx,070423,2023-07-07,C5,C,5,650,0.054
CCK BW1 H11 D12 2H11.xlsx,070423,2023-07-07,C6,C,6,650,0.056
CCK BW1 H11 D12 2H11.xlsx,070423,2023-07-07,C7,C,7,650,0.057
CCK BW1 H11 D12 2H11.xlsx,070423,2023-07-07,C8,C,8,650,0.054
CCK BW1 H11 D12 2H11.xlsx,070423,2023-07-07,C9,C,9,650,0.052
CCK BW1 H11 D12 2H11.xlsx,070423,2023-07-07,C10,C,10,650,0.056
CCK BW1 H11 D12 2H11.xlsx,070423,2023-07-07,C11,C,11,650,0.037
CCK BW1 H11 D12 2H11.xlsx,070423,2023-07-07,C12,C,12,650,0.043
CCK BW1 H11 D12 2H11.xlsx,070423,2023-07-07,C1,C,1,Delta,0.005
CCK BW1 H11 D12 2H11.xlsx,070423,2023-07-07,C2,C,2,Delta,0.746
CCK BW1 H11 D12 2H11.xlsx,070423,2023-07-07,C3,C,3,Delta,0.704
CCK BW1 H11 D12 2H11.xlsx,070423,2023-07-07,C4,C,4,Delta,0.749
CCK BW1 H11 D12 2H11.xlsx,070423,2023-07-07,C5,C,5,Delta,0.809
CCK BW1 H11 D12 2H11.xlsx,070423,2023-07-07,C6,C,6,Delta,0.781
CCK BW1 H11 D12 2H11.xlsx,070423,2023-07-07,C7,C,7,Delta,0.838
CCK BW1 H11 D12 2H11.xlsx,070423,2023-07-07,C8,C,8,Delta,1.197
CCK BW1 H11 D12 2H11.xlsx,070423,2023-07-07,C9,C,9,Delta,1.631
CCK BW1 H11 D12 2H11.xlsx,070423,2023-07-07,C10,C,10,Delta,1.46
CCK BW1 H11 D12 2H11.xlsx,070423,2023-07-07,C11,C,11,Delta,0.004
CCK BW1 H11 D12 2H11.xlsx,070423,2023-07-07,C12,C,12,Delta,0.005
CCK BW1 H11 D12 2H11.xlsx,070423,2023-07-07,D1,D,1,450,0.041
CCK BW1 H11 D12 2H11.xlsx,070423,2023-07-07,D2,D,2,450,0.773
CCK BW1 H11 D12 2H11.xlsx,070423,2023-07-07,D3,D,3,450,0.765
CCK BW1 H11 D12 2H11.xlsx,070423,2023-07-07,D4,D,4,450,0.704
CCK BW1 H11 D12 2H11.xlsx,070423,2023-07-07,D5,D,5,450,0.846
CCK BW1 H11 D12 2H11.xlsx,070423,2023-07-07,D6,D,6,450,0.809
CCK BW1 H11 D12 2H11.xlsx,070423,2023-07-07,D7,D,7,450,0.715
CCK BW1 H11 D12 2H11.xlsx,070423,2023-07-07,D8,D,8,450,1.354
CCK BW1 H11 D12 2H11.xlsx,070423,2023-07-07,D9,D,9,450,1.454
CCK BW1 H11 D12 2H11.xlsx,070423,2023-07-07,D10,D,10,450,1.438
CCK BW1 H11 D12 2H11.xlsx,070423,2023-07-07,D11,D,11,450,0.039
CCK BW1 H11 D12 2H11.xlsx,070423,2023-07-07,D12,D,12,450,0.047
CCK BW1 H11 D12 2H11.xlsx,070423,2023-07-07,D1,D,1,650,0.038
CCK BW1 H11 D12 2H11.xlsx,070423,2023-07-07,D2,D,2,650,0.06
CCK BW1 H11 D12 2H11.xlsx,070423,2023-07-07,D3,D,3,650,0.059
CCK BW1 H11 D12 2H11.xlsx,070423,2023-07-07,D4,D,4,650,0.058
CCK BW1 H11 D12 2H11.xlsx,070423,2023-07-07,D5,D,5,650,0.056
CCK BW1 H11 D12 2H11.xlsx,070423,2023-07-07,D6,D,6,650,0.052
CCK BW1 H11 D12 2H11.xlsx,070423,2023-07-07,D7,D,7,650,0.055
CCK BW1 H11 D12 2H11.xlsx,070423,2023-07-07,D8,D,8,650,0.053
CCK BW1 H11 D12 2H11.xlsx,070423,2023-07-07,D9,D,9,650,0.055
CCK BW1 H11 D12 2H11.xlsx,070423,2023-07-07,D10,D,10,650,0.055
CCK BW1 H11 D12 2H11.xlsx,070423,2023-07-07,D11,D,11,650,0.036
CCK BW1 H11 D12 2H11.xlsx,070423,2023-07-07,D12,D,12,650,0.043
CCK BW1 H11 D12 2H11.xlsx,070423,2023-07-07,D1,D,1,Delta,0.003
CCK BW1 H11 D12 2H11.xlsx,070423,2023-07-07,D2,D,2,Delta,0.713
CCK BW1 H11 D12 2H11.xlsx,070423,2023-07-07,D3,D,3,Delta,0.706
CCK BW1 H11 D12 2H11.xlsx,070423,2023-07-07,D4,D,4,Delta,0.646
CCK BW1 H11 D12 2H11.xlsx,070423,2023-07-07,D5,D,5,Delta,0.79
CCK BW1 H11 D12 2H11.xlsx,070423,2023-07-07,D6,D,6,Delta,0.757
CCK BW1 H11 D12 2H11.xlsx,070423,2023-07-07,D7,D,7,Delta,0.66
CCK BW1 H11 D12 2H11.xlsx,070423,2023-07-07,D8,D,8,Delta,1.301
CCK BW1 H11 D12 2H11.xlsx,070423,2023-07-07,D9,D,9,Delta,1.399
CCK BW1 H11 D12 2H11.xlsx,070423,2023-07-07,D10,D,10,Delta,1.383
CCK BW1 H11 D12 2H11.xlsx,070423,2023-07-07,D11,D,11,Delta,0.003
CCK BW1 H11 D12 2H11.xlsx,070423,2023-07-07,D12,D,12,Delta,0.004
CCK BW1 H11 D12 2H11.xlsx,070423,2023-07-07,E1,E,1,450,0.04
CCK BW1 H11 D12 2H11.xlsx,070423,2023-07-07,E2,E,2,450,0.386
CCK BW1 H11 D12 2H11.xlsx,070423,2023-07-07,E3,E,3,450,0.389
CCK BW1 H11 D12 2H11.xlsx,070423,2023-07-07,E4,E,4,450,0.431
CCK BW1 H11 D12 2H11.xlsx,070423,2023-07-07,E5,E,5,450,0.335
CCK BW1 H11 D12 2H11.xlsx,070423,2023-07-07,E6,E,6,450,0.324
CCK BW1 H11 D12 2H11.xlsx,070423,2023-07-07,E7,E,7,450,0.384
CCK BW1 H11 D12 2H11.xlsx,070423,2023-07-07,E8,E,8,450,1.019
CCK BW1 H11 D12 2H11.xlsx,070423,2023-07-07,E9,E,9,450,0.904
CCK BW1 H11 D12 2H11.xlsx,070423,2023-07-07,E10,E,10,450,1.062
CCK BW1 H11 D12 2H11.xlsx,070423,2023-07-07,E11,E,11,450,0.04
CCK BW1 H11 D12 2H11.xlsx,070423,2023-07-07,E12,E,12,450,0.055
CCK BW1 H11 D12 2H11.xlsx,070423,2023-07-07,E1,E,1,650,0.037
CCK BW1 H11 D12 2H11.xlsx,070423,2023-07-07,E2,E,2,650,0.052
CCK BW1 H11 D12 2H11.xlsx,070423,2023-07-07,E3,E,3,650,0.051
CCK BW1 H11 D12 2H11.xlsx,070423,2023-07-07,E4,E,4,650,0.05
CCK BW1 H11 D12 2H11.xlsx,070423,2023-07-07,E5,E,5,650,0.048
CCK BW1 H11 D12 2H11.xlsx,070423,2023-07-07,E6,E,6,650,0.048
CCK BW1 H11 D12 2H11.xlsx,070423,2023-07-07,E7,E,7,650,0.051
CCK BW1 H11 D12 2H11.xlsx,070423,2023-07-07,E8,E,8,650,0.056
CCK BW1 H11 D12 2H11.xlsx,070423,2023-07-07,E9,E,9,650,0.056
CCK BW1 H11 D12 2H11.xlsx,070423,2023-07-07,E10,E,10,650,0.055
CCK BW1 H11 D12 2H11.xlsx,070423,2023-07-07,E11,E,11,650,0.037
CCK BW1 H11 D12 2H11.xlsx,070423,2023-07-07,E12,E,12,650,0.051
CCK BW1 H11 D12 2H11.xlsx,070423,2023-07-07,E1,E,1,Delta,0.003
CCK BW1 H11 D12 2H11.xlsx,070423,2023-07-07,E2,E,2,Delta,0.334
CCK BW1 H11 D12 2H11.xlsx,070423,2023-07-07,E3,E,3,Delta,0.338
CCK BW1 H11 D12 2H11.xlsx,070423,2023-07-07,E4,E,4,Delta,0.381
CCK BW1 H11 D12 2H11.xlsx,070423,2023-07-07,E5,E,5,Delta,0.287
CCK BW1 H11 D12 2H11.xlsx,070423,2023-07-07,E6,E,6,Delta,0.276
CCK BW1 H11 D12 2H11.xlsx,070423,2023-07-07,E7,E,7,Delta,0.333
CCK BW1 H11 D12 2H11.xlsx,070423,2023-07-07,E8,E,8,Delta,0.963
CCK BW1 H11 D12 2H11.xlsx,070423,2023-07-07,E9,E,9,Delta,0.848
CCK BW1 H11 D12 2H11.xlsx,070423,2023-07-07,E10,E,10,Delta,1.007
CCK BW1 H11 D12 2H11.xlsx,070423,2023-07-07,E11,E,11,Delta,0.003
CCK BW1 H11 D12 2H11.xlsx,070423,2023-07-07,E12,E,12,Delta,0.004
CCK BW1 H11 D12 2H11.xlsx,070423,2023-07-07,F1,F,1,450,0.04
CCK BW1 H11 D12 2H11.xlsx,070423,2023-07-07,F2,F,2,450,0.191
CCK BW1 H11 D12 2H11.xlsx,070423,2023-07-07,F3,F,3,450,0.189
CCK BW1 H11 D12 2H11.xlsx,070423,2023-07-07,F4,F,4,450,0.181
CCK BW1 H11 D12 2H11.xlsx,070423,2023-07-07,F5,F,5,450,0.165
CCK BW1 H11 D12 2H11.xlsx,070423,2023-07-07,F6,F,6,450,0.175
CCK BW1 H11 D12 2H11.xlsx,070423,2023-07-07,F7,F,7,450,0.17
CCK BW1 H11 D12 2H11.xlsx,070423,2023-07-07,F8,F,8,450,0.239
CCK BW1 H11 D12 2H11.xlsx,070423,2023-07-07,F9,F,9,450,0.252
CCK BW1 H11 D12 2H11.xlsx,070423,2023-07-07,F10,F,10,450,0.286
CCK BW1 H11 D12 2H11.xlsx,070423,2023-07-07,F11,F,11,450,0.062
CCK BW1 H11 D12 2H11.xlsx,070423,2023-07-07,F12,F,12,450,0.05
CCK BW1 H11 D12 2H11.xlsx,070423,2023-07-07,F1,F,1,650,0.036
CCK BW1 H11 D12 2H11.xlsx,070423,2023-07-07,F2,F,2,650,0.046
CCK BW1 H11 D12 2H11.xlsx,070423,2023-07-07,F3,F,3,650,0.043
CCK BW1 H11 D12 2H11.xlsx,070423,2023-07-07,F4,F,4,650,0.044
CCK BW1 H11 D12 2H11.xlsx,070423,2023-07-07,F5,F,5,650,0.043
CCK BW1 H11 D12 2H11.xlsx,070423,2023-07-07,F6,F,6,650,0.045
CCK BW1 H11 D12 2H11.xlsx,070423,2023-07-07,F7,F,7,650,0.043
CCK BW1 H11 D12 2H11.xlsx,070423,2023-07-07,F8,F,8,650,0.046
CCK BW1 H11 D12 2H11.xlsx,070423,2023-07-07,F9,F,9,650,0.045
CCK BW1 H11 D12 2H11.xlsx,070423,2023-07-07,F10,F,10,650,0.051
CCK BW1 H11 D12 2H11.xlsx,070423,2023-07-07,F11,F,11,650,0.056
CCK BW1 H11 D12 2H11.xlsx,070423,2023-07-07,F12,F,12,650,0.048
CCK BW1 H11 D12 2H11.xlsx,070423,2023-07-07,F1,F,1,Delta,0.003
CCK BW1 H11 D12 2H11.xlsx,070423,2023-07-07,F2,F,2,Delta,0.145
CCK BW1 H11 D12 2H11.xlsx,070423,2023-07-07,F3,F,3,Delta,0.146
CCK BW1 H11 D12 2H11.xlsx,070423,2023-07-07,F4,F,4,Delta,0.138
CCK BW1 H11 D12 2H11.xlsx,070423,2023-07-07,F5,F,5,Delta,0.122
CCK BW1 H11 D12 2H11.xlsx,070423,2023-07-07,F6,F,6,Delta,0.13
CCK BW1 H11 D12 2H11.xlsx,070423,2023-07-07,F7,F,7,Delta,0.128
CCK BW1 H11 D12 2H11.xlsx,070423,2023-07-07,F8,F,8,Delta,0.193
CCK BW1 H11 D12 2H11.xlsx,070423,2023-07-07,F9,F,9,Delta,0.207
CCK BW1 H11 D12 2H11.xlsx,070423,2023-07-07,F10,F,10,Delta,0.235
CCK BW1 H11 D12 2H11.xlsx,070423,2023-07-07,F11,F,11,Delta,0.006
CCK BW1 H11 D12 2H11.xlsx,070423,2023-07-07,F12,F,12,Delta,0.003
CCK BW1 H11 D12 2H11.xlsx,070423,2023-07-07,G1,G,1,450,0.039
CCK BW1 H11 D12 2H11.xlsx,070423,2023-07-07,G2,G,2,450,0.165
CCK BW1 H11 D12 2H11.xlsx,070423,2023-07-07,G3,G,3,450,0.17
CCK BW1 H11 D12 2H11.xlsx,070423,2023-07-07,G4,G,4,450,0.161
CCK BW1 H11 D12 2H11.xlsx,070423,2023-07-07,G5,G,5,450,0.155
CCK BW1 H11 D12 2H11.xlsx,070423,2023-07-07,G6,G,6,450,0.158
CCK BW1 H11 D12 2H11.xlsx,070423,2023-07-07,G7,G,7,450,0.167
CCK BW1 H11 D12 2H11.xlsx,070423,2023-07-07,G8,G,8,450,0.158
CCK BW1 H11 D12 2H11.xlsx,070423,2023-07-07,G9,G,9,450,0.159
CCK BW1 H11 D12 2H11.xlsx,070423,2023-07-07,G10,G,10,450,0.163
CCK BW1 H11 D12 2H11.xlsx,070423,2023-07-07,G11,G,11,450,0.042
CCK BW1 H11 D12 2H11.xlsx,070423,2023-07-07,G12,G,12,450,0.05
CCK BW1 H11 D12 2H11.xlsx,070423,2023-07-07,G1,G,1,650,0.038
CCK BW1 H11 D12 2H11.xlsx,070423,2023-07-07,G2,G,2,650,0.046
CCK BW1 H11 D12 2H11.xlsx,070423,2023-07-07,G3,G,3,650,0.045
CCK BW1 H11 D12 2H11.xlsx,070423,2023-07-07,G4,G,4,650,0.044
CCK BW1 H11 D12 2H11.xlsx,070423,2023-07-07,G5,G,5,650,0.043
CCK BW1 H11 D12 2H11.xlsx,070423,2023-07-07,G6,G,6,650,0.045
CCK BW1 H11 D12 2H11.xlsx,070423,2023-07-07,G7,G,7,650,0.044
CCK BW1 H11 D12 2H11.xlsx,070423,2023-07-07,G8,G,8,650,0.041
CCK BW1 H11 D12 2H11.xlsx,070423,2023-07-07,G9,G,9,650,0.044
CCK BW1 H11 D12 2H11.xlsx,070423,2023-07-07,G10,G,10,650,0.045
CCK BW1 H11 D12 2H11.xlsx,070423,2023-07-07,G11,G,11,650,0.038
CCK BW1 H11 D12 2H11.xlsx,070423,2023-07-07,G12,G,12,650,0.049
CCK BW1 H11 D12 2H11.xlsx,070423,2023-07-07,G1,G,1,Delta,0.0
CCK BW1 H11 D12 2H11.xlsx,070423,2023-07-07,G2,G,2,Delta,0.119
CCK BW1 H11 D12 2H11.xlsx,070423,2023-07-07,G3,G,3,Delta,0.124
CCK BW1 H11 D12 2H11.xlsx,070423,2023-07-07,G4,G,4,Delta,0.117
CCK BW1 H11 D12 2H11.xlsx,070423,2023-07-07,G5,G,5,Delta,0.113
CCK BW1 H11 D12 2H11.xlsx,070423,2023-07-07,G6,G,6,Delta,0.113
CCK BW1 H11 D12 2H11.xlsx,070423,2023-07-07,G7,G,7,Delta,0.123
CCK BW1 H11 D12 2H11.xlsx,070423,2023-07-07,G8,G,8,Delta,0.117
CCK BW1 H11 D12 2H11.xlsx,070423,2023-07-07,G9,G,9,Delta,0.115
CCK BW1 H11 D12 2H11.xlsx,070423,2023-07-07,G10,G,10,Delta,0.118
CCK BW1 H11 D12 2H11.xlsx,070423,2023-07-07,G11,G,11,Delta,0.004
CCK BW1 H11 D12 2H11.xlsx,070423,2023-07-07,G12,G,12,Delta,0.001
CCK BW1 H11 D12 2H11.xlsx,070423,2023-07-07,H1,H,1,450,0.039
CCK BW1 H11 D12 2H11.xlsx,070423,2023-07-07,H2,H,2,450,0.04
CCK BW1 H11 D12 2H11.xlsx,070423,2023-07-07,H3,H,3,450,0.04
CCK BW1 H11 D12 2H11.xlsx,070423,2023-07-07,H4,H,4,450,0.041
CCK BW1 H11 D12 2H11.xlsx,070423,2023-07-07,H5,H,5,450,0.041
CCK BW1 H11 D12 2H11.xlsx,070423,2023-07-07,H6,H,6,450,0.041
CCK BW1 H11 D12 2H11.xlsx,070423,2023-07-07,H7,H,7,450,0.039
CCK BW1 H11 D12 2H11.xlsx,070423,2023-07-07,H8,H,8,450,0.041
CCK BW1 H11 D12 2H11.xlsx,070423,2023-07-07,H9,H,9,450,0.042
CCK BW1 H11 D12 2H11.xlsx,070423,2023-07-07,H10,H,10,450,0.043
CCK BW1 H11 D12 2H11.xlsx,070423,2023-07-07,H11,H,11,450,0.054
CCK BW1 H11 D12 2H11.xlsx,070423,2023-07-07,H12,H,12,450,0.051
CCK BW1 H11 D12 2H11.xlsx,070423,2023-07-07,H1,H,1,650,0.037
CCK BW1 H11 D12 2H11.xlsx,070423,2023-07-07,H2,H,2,650,0.037
CCK BW1 H11 D12 2H11.xlsx,070423,2023-07-07,H3,H,3,650,0.037
CCK BW1 H11 D12 2H11.xlsx,070423,2023-07-07,H4,H,4,650,0.037
CCK BW1 H11 D12 2H11.xlsx,070423,2023-07-07,H5,H,5,650,0.035
CCK BW1 H11 D12 2H11.xlsx,070423,2023-07-07,H6,H,6,650,0.037
CCK BW1 H11 D12 2H11.xlsx,070423,2023-07-07,H7,H,7,650,0.037
CCK BW1 H11 D12 2H11.xlsx,070423,2023-07-07,H8,H,8,650,0.035
CCK BW1 H11 D12 2H11.xlsx,070423,2023-07-07,H9,H,9,650,0.036
CCK BW1 H11 D12 2H11.xlsx,070423,2023-07-07,H10,H,10,650,0.04
CCK BW1 H11 D12 2H11.xlsx,070423,2023-07-07,H11,H,11,650,0.047
CCK BW1 H11 D12 2H11.xlsx,070423,2023-07-07,H12,H,12,650,0.046
CCK BW1 H11 D12 2H11.xlsx,070423,2023-07-07,H1,H,1,Delta,0.002
CCK BW1 H11 D12 2H11.xlsx,070423,2023-07-07,H2,H,2,Delta,0.003
CCK BW1 H11 D12 2H11.xlsx,070423,2023-07-07,H3,H,3,Delta,0.003
CCK BW1 H11 D12 2H11.xlsx,070423,2023-07-07,H4,H,4,Delta,0.004
CCK BW1 H11 D12 2H11.xlsx,070423,2023-07-07,H5,H,5,Delta,0.006
CCK BW1 H11 D12 2H11.xlsx,070423,2023-07-07,H6,H,6,Delta,0.004
CCK BW1 H11 D12 2H11.xlsx,070423,2023-07-07,H7,H,7,Delta,0.002
CCK BW1 H11 D12 2H11.xlsx,070423,2023-07-07,H8,H,8,Delta,0.005
CCK BW1 H11 D12 2H11.xlsx,070423,2023-07-07,H9,H,9,Delta,0.006
CCK BW1 H11 D12 2H11.xlsx,070423,2023-07-07,H10,H,10,Delta,0.003
CCK BW1 H11 D12 2H11.xlsx,070423,2023-07-07,H11,H,11,Delta,0.007
CCK BW1 H11 D12 2H11.xlsx,070423,2023-07-07,H12,H,12,Delta,0.005
CCK BW1 H11 D12 2H11.xlsx,070723,2023-07-10,A1,A,1,450,0.038
CCK BW1 H11 D12 2H11.xlsx,070723,2023-07-10,A2,A,2,450,0.04
CCK BW1 H11 D12 2H11.xlsx,070723,2023-07-10,A3,A,3,450,0.038
CCK BW1 H11 D12 2H11.xlsx,070723,2023-07-10,A4,A,4,450,0.04
CCK BW1 H11 D12 2H11.xlsx,070723,2023-07-10,A5,A,5,450,0.043
CCK BW1 H11 D12 2H11.xlsx,070723,2023-07-10,A6,A,6,450,0.04
CCK BW1 H11 D12 2H11.xlsx,070723,2023-07-10,A7,A,7,450,0.043
CCK BW1 H11 D12 2H11.xlsx,070723,2023-07-10,A8,A,8,450,0.04
CCK BW1 H11 D12 2H11.xlsx,070723,2023-07-10,A9,A,9,450,0.04
CCK BW1 H11 D12 2H11.xlsx,070723,2023-07-10,A10,A,10,450,0.041
CCK BW1 H11 D12 2H11.xlsx,070723,2023-07-10,A11,A,11,450,0.041
CCK BW1 H11 D12 2H11.xlsx,070723,2023-07-10,A12,A,12,450,0.048
CCK BW1 H11 D12 2H11.xlsx,070723,2023-07-10,A1,A,1,650,0.033
CCK BW1 H11 D12 2H11.xlsx,070723,2023-07-10,A2,A,2,650,0.035
CCK BW1 H11 D12 2H11.xlsx,070723,2023-07-10,A3,A,3,650,0.035
CCK BW1 H11 D12 2H11.xlsx,070723,2023-07-10,A4,A,4,650,0.034
CCK BW1 H11 D12 2H11.xlsx,070723,2023-07-10,A5,A,5,650,0.041
CCK BW1 H11 D12 2H11.xlsx,070723,2023-07-10,A6,A,6,650,0.037
CCK BW1 H11 D12 2H11.xlsx,070723,2023-07-10,A7,A,7,650,0.038
CCK BW1 H11 D12 2H11.xlsx,070723,2023-07-10,A8,A,8,650,0.036
CCK BW1 H11 D12 2H11.xlsx,070723,2023-07-10,A9,A,9,650,0.039
CCK BW1 H11 D12 2H11.xlsx,070723,2023-07-10,A10,A,10,650,0.038
CCK BW1 H11 D12 2H11.xlsx,070723,2023-07-10,A11,A,11,650,0.038
CCK BW1 H11 D12 2H11.xlsx,070723,2023-07-10,A12,A,12,650,0.043
CCK BW1 H11 D12 2H11.xlsx,070723,2023-07-10,A1,A,1,Delta,0.005
CCK BW1 H11 D12 2H11.xlsx,070723,2023-07-10,A2,A,2,Delta,0.004
CCK BW1 H11 D12 2H11.xlsx,070723,2023-07-10,A3,A,3,Delta,0.003
CCK BW1 H11 D12 2H11.xlsx,070723,2023-07-10,A4,A,4,Delta,0.005
CCK BW1 H11 D12 2H11.xlsx,070723,2023-07-10,A5,A,5,Delta,0.002
CCK BW1 H11 D12 2H11.xlsx,070723,2023-07-10,A6,A,6,Delta,0.003
CCK BW1 H11 D12 2H11.xlsx,070723,2023-07-10,A7,A,7,Delta,0.006
CCK BW1 H11 D12 2H11.xlsx,070723,2023-07-10,A8,A,8,Delta,0.004
CCK BW1 H11 D12 2H11.xlsx,070723,2023-07-10,A9,A,9,Delta,0.001
CCK BW1 H11 D12 2H11.xlsx,070723,2023-07-10,A10,A,10,Delta,0.003
CCK BW1 H11 D12 2H11.xlsx,070723,2023-07-10,A11,A,11,Delta,0.003
CCK BW1 H11 D12 2H11.xlsx,070723,2023-07-10,A12,A,12,Delta,0.006
CCK BW1 H11 D12 2H11.xlsx,070723,2023-07-10,B1,B,1,450,0.039
CCK BW1 H11 D12 2H11.xlsx,070723,2023-07-10,B2,B,2,450,0.56
CCK BW1 H11 D12 2H11.xlsx,070723,2023-07-10,B3,B,3,450,0.53
CCK BW1 H11 D12 2H11.xlsx,070723,2023-07-10,B4,B,4,450,0.68
CCK BW1 H11 D12 2H11.xlsx,070723,2023-07-10,B5,B,5,450,0.637
CCK BW1 H11 D12 2H11.xlsx,070723,2023-07-10,B6,B,6,450,0.87
CCK BW1 H11 D12 2H11.xlsx,070723,2023-07-10,B7,B,7,450,0.617
CCK BW1 H11 D12 2H11.xlsx,070723,2023-07-10,B8,B,8,450,0.84
CCK BW1 H11 D12 2H11.xlsx,070723,2023-07-10,B9,B,9,450,0.841
CCK BW1 H11 D12 2H11.xlsx,070723,2023-07-10,B10,B,10,450,0.88
CCK BW1 H11 D12 2H11.xlsx,070723,2023-07-10,B11,B,11,450,0.039
CCK BW1 H11 D12 2H11.xlsx,070723,2023-07-10,B12,B,12,450,0.05
CCK BW1 H11 D12 2H11.xlsx,070723,2023-07-10,B1,B,1,650,0.039
CCK BW1 H11 D12 2H11.xlsx,070723,2023-07-10,B2,B,2,650,0.05
CCK BW1 H11 D12 2H11.xlsx,070723,2023-07-10,B3,B,3,650,0.051
CCK BW1 H11 D12 2H11.xlsx,070723,2023-07-10,B4,B,4,650,0.05
CCK BW1 H11 D12 2H11.xlsx,070723,2023-07-10,B5,B,5,650,0.049
CCK BW1 H11 D12 2H11.xlsx,070723,2023-07-10,B6,B,6,650,0.053
CCK BW1 H11 D12 2H11.xlsx,070723,2023-07-10,B7,B,7,650,0.048
CCK BW1 H11 D12 2H11.xlsx,070723,2023-07-10,B8,B,8,650,0.046
CCK BW1 H11 D12 2H11.xlsx,070723,2023-07-10,B9,B,9,650,0.048
CCK BW1 H11 D12 2H11.xlsx,070723,2023-07-10,B10,B,10,650,0.05
CCK BW1 H11 D12 2H11.xlsx,070723,2023-07-10,B11,B,11,650,0.036
CCK BW1 H11 D12 2H11.xlsx,070723,2023-07-10,B12,B,12,650,0.043
CCK BW1 H11 D12 2H11.xlsx,070723,2023-07-10,B1,B,1,Delta,0.001
CCK BW1 H11 D12 2H11.xlsx,070723,2023-07-10,B2,B,2,Delta,0.511
CCK BW1 H11 D12 2H11.xlsx,070723,2023-07-10,B3,B,3,Delta,0.479
CCK BW1 H11 D12 2H11.xlsx,070723,2023-07-10,B4,B,4,Delta,0.63
CCK BW1 H11 D12 2H11.xlsx,070723,2023-07-10,B5,B,5,Delta,0.588
CCK BW1 H11 D12 2H11.xlsx,070723,2023-07-10,B6,B,6,Delta,0.817
CCK BW1 H11 D12 2H11.xlsx,070723,2023-07-10,B7,B,7,Delta,0.569
CCK BW1 H11 D12 2H11.xlsx,070723,2023-07-10,B8,B,8,Delta,0.794
CCK BW1 H11 D12 2H11.xlsx,070723,2023-07-10,B9,B,9,Delta,0.793
CCK BW1 H11 D12 2H11.xlsx,070723,2023-07-10,B10,B,10,Delta,0.831
CCK BW1 H11 D12 2H11.xlsx,070723,2023-07-10,B11,B,11,Delta,0.003
CCK BW1 H11 D12 2H11.xlsx,070723,2023-07-10,B12,B,12,Delta,0.007
CCK BW1 H11 D12 2H11.xlsx,070723,2023-07-10,C1,C,1,450,0.042
CCK BW1 H11 D12 2H11.xlsx,070723,2023-07-10,C2,C,2,450,0.526
CCK BW1 H11 D12 2H11.xlsx,070723,2023-07-10,C3,C,3,450,0.587
CCK BW1 H11 D12 2H11.xlsx,070723,2023-07-10,C4,C,4,450,0.591
CCK BW1 H11 D12 2H11.xlsx,070723,2023-07-10,C5,C,5,450,0.661
CCK BW1 H11 D12 2H11.xlsx,070723,2023-07-10,C6,C,6,450,0.683
CCK BW1 H11 D12 2H11.xlsx,070723,2023-07-10,C7,C,7,450,0.639
CCK BW1 H11 D12 2H11.xlsx,070723,2023-07-10,C8,C,8,450,0.882
CCK BW1 H11 D12 2H11.xlsx,070723,2023-07-10,C9,C,9,450,0.898
CCK BW1 H11 D12 2H11.xlsx,070723,2023-07-10,C10,C,10,450,1.015
CCK BW1 H11 D12 2H11.xlsx,070723,2023-07-10,C11,C,11,450,0.055
CCK BW1 H11 D12 2H11.xlsx,070723,2023-07-10,C12,C,12,450,0.061
CCK BW1 H11 D12 2H11.xlsx,070723,2023-07-10,C1,C,1,650,0.036
CCK BW1 H11 D12 2H11.xlsx,070723,2023-07-10,C2,C,2,650,0.053
CCK BW1 H11 D12 2H11.xlsx,070723,2023-07-10,C3,C,3,650,0.054
CCK BW1 H11 D12 2H11.xlsx,070723,2023-07-10,C4,C,4,650,0.055
CCK BW1 H11 D12 2H11.xlsx,070723,2023-07-10,C5,C,5,650,0.048
CCK BW1 H11 D12 2H11.xlsx,070723,2023-07-10,C6,C,6,650,0.049
CCK BW1 H11 D12 2H11.xlsx,070723,2023-07-10,C7,C,7,650,0.049
CCK BW1 H11 D12 2H11.xlsx,070723,2023-07-10,C8,C,8,650,0.047
CCK BW1 H11 D12 2H11.xlsx,070723,2023-07-10,C9,C,9,650,0.048
CCK BW1 H11 D12 2H11.xlsx,070723,2023-07-10,C10,C,10,650,0.051
CCK BW1 H11 D12 2H11.xlsx,070723,2023-07-10,C11,C,11,650,0.037
CCK BW1 H11 D12 2H11.xlsx,070723,2023-07-10,C12,C,12,650,0.044
CCK BW1 H11 D12 2H11.xlsx,070723,2023-07-10,C1,C,1,Delta,0.005
CCK BW1 H11 D12 2H11.xlsx,070723,2023-07-10,C2,C,2,Delta,0.473
CCK BW1 H11 D12 2H11.xlsx,070723,2023-07-10,C3,C,3,Delta,0.533
CCK BW1 H11 D12 2H11.xlsx,070723,2023-07-10,C4,C,4,Delta,0.536
CCK BW1 H11 D12 2H11.xlsx,070723,2023-07-10,C5,C,5,Delta,0.613
CCK BW1 H11 D12 2H11.xlsx,070723,2023-07-10,C6,C,6,Delta,0.634
CCK BW1 H11 D12 2H11.xlsx,070723,2023-07-10,C7,C,7,Delta,0.59
CCK BW1 H11 D12 2H11.xlsx,070723,2023-07-10,C8,C,8,Delta,0.835
CCK BW1 H11 D12 2H11.xlsx,070723,2023-07-10,C9,C,9,Delta,0.85
CCK BW1 H11 D12 2H11.xlsx,070723,2023-07-10,C10,C,10,Delta,0.964
CCK BW1 H11 D12 2H11.xlsx,070723,2023-07-10,C11,C,11,Delta,0.018
CCK BW1 H11 D12 2H11.xlsx,070723,2023-07-10,C12,C,12,Delta,0.017
CCK BW1 H11 D12 2H11.xlsx,070723,2023-07-10,D1,D,1,450,0.06
CCK BW1 H11 D12 2H11.xlsx,070723,2023-07-10,D2,D,2,450,0.572
CCK BW1 H11 D12 2H11.xlsx,070723,2023-07-10,D3,D,3,450,0.535
CCK BW1 H11 D12 2H11.xlsx,070723,2023-07-10,D4,D,4,450,0.525
CCK BW1 H11 D12 2H11.xlsx,070723,2023-07-10,D5,D,5,450,0.613
CCK BW1 H11 D12 2H11.xlsx,070723,2023-07-10,D6,D,6,450,0.542
CCK BW1 H11 D12 2H11.xlsx,070723,2023-07-10,D7,D,7,450,0.612
CCK BW1 H11 D12 2H11.xlsx,070723,2023-07-10,D8,D,8,450,0.751
CCK BW1 H11 D12 2H11.xlsx,070723,2023-07-10,D9,D,9,450,0.807
CCK BW1 H11 D12 2H11.xlsx,070723,2023-07-10,D10,D,10,450,0.622
CCK BW1 H11 D12 2H11.xlsx,070723,2023-07-10,D11,D,11,450,0.04
CCK BW1 H11 D12 2H11.xlsx,070723,2023-07-10,D12,D,12,450,0.048
CCK BW1 H11 D12 2H11.xlsx,070723,2023-07-10,D1,D,1,650,0.043
CCK BW1 H11 D12 2H11.xlsx,070723,2023-07-10,D2,D,2,650,0.06
CCK BW1 H11 D12 2H11.xlsx,070723,2023-07-10,D3,D,3,650,0.057
CCK BW1 H11 D12 2H11.xlsx,070723,2023-07-10,D4,D,4,650,0.054
CCK BW1 H11 D12 2H11.xlsx,070723,2023-07-10,D5,D,5,650,0.05
CCK BW1 H11 D12 2H11.xlsx,070723,2023-07-10,D6,D,6,650,0.048
CCK BW1 H11 D12 2H11.xlsx,070723,2023-07-10,D7,D,7,650,0.05
CCK BW1 H11 D12 2H11.xlsx,070723,2023-07-10,D8,D,8,650,0.047
CCK BW1 H11 D12 2H11.xlsx,070723,2023-07-10,D9,D,9,650,0.049
CCK BW1 H11 D12 2H11.xlsx,070723,2023-07-10,D10,D,10,650,0.046
CCK BW1 H11 D12 2H11.xlsx,070723,2023-07-10,D11,D,11,650,0.038
CCK BW1 H11 D12 2H11.xlsx,070723,2023-07-10,D12,D,12,650,0.044
CCK BW1 H11 D12 2H11.xlsx,070723,2023-07-10,D1,D,1,Delta,0.016
CCK BW1 H11 D12 2H11.xlsx,070723,2023-07-10,D2,D,2,Delta,0.511
CCK BW1 H11 D12 2H11.xlsx,070723,2023-07-10,D3,D,3,Delta,0.478
CCK BW1 H11 D12 2H11.xlsx,070723,2023-07-10,D4,D,4,Delta,0.47
CCK BW1 H11 D12 2H11.xlsx,070723,2023-07-10,D5,D,5,Delta,0.564
CCK BW1 H11 D12 2H11.xlsx,070723,2023-07-10,D6,D,6,Delta,0.495
CCK BW1 H11 D12 2H11.xlsx,070723,2023-07-10,D7,D,7,Delta,0.563
CCK BW1 H11 D12 2H11.xlsx,070723,2023-07-10,D8,D,8,Delta,0.704
CCK BW1 H11 D12 2H11.xlsx,070723,2023-07-10,D9,D,9,Delta,0.759
CCK BW1 H11 D12 2H11.xlsx,070723,2023-07-10,D10,D,10,Delta,0.575
CCK BW1 H11 D12 2H11.xlsx,070723,2023-07-10,D11,D,11,Delta,0.002
CCK BW1 H11 D12 2H11.xlsx,070723,2023-07-10,D12,D,12,Delta,0.004
CCK BW1 H11 D12 2H11.xlsx,070723,2023-07-10,E1,E,1,450,0.055
CCK BW1 H11 D12 2H11.xlsx,070723,2023-07-10,E2,E,2,450,0.25
CCK BW1 H11 D12 2H11.xlsx,070723,2023-07-10,E3,E,3,450,0.25
CCK BW1 H11 D12 2H11.xlsx,070723,2023-07-10,E4,E,4,450,0.248
CCK BW1 H11 D12 2H11.xlsx,070723,2023-07-10,E5,E,5,450,0.244
CCK BW1 H11 D12 2H11.xlsx,070723,2023-07-10,E6,E,6,450,0.343
CCK BW1 H11 D12 2H11.xlsx,070723,2023-07-10,E7,E,7,450,0.245
CCK BW1 H11 D12 2H11.xlsx,070723,2023-07-10,E8,E,8,450,0.436
CCK BW1 H11 D12 2H11.xlsx,070723,2023-07-10,E9,E,9,450,0.4
CCK BW1 H11 D12 2H11.xlsx,070723,2023-07-10,E10,E,10,450,0.396
CCK BW1 H11 D12 2H11.xlsx,070723,2023-07-10,E11,E,11,450,0.058
CCK BW1 H11 D12 2H11.xlsx,070723,2023-07-10,E12,E,12,450,0.063
CCK BW1 H11 D12 2H11.xlsx,070723,2023-07-10,E1,E,1,650,0.037
CCK BW1 H11 D12 2H11.xlsx,070723,2023-07-10,E2,E,2,650,0.045
CCK BW1 H11 D12 2H11.xlsx,070723,2023-07-10,E3,E,3,650,0.044
CCK BW1 H11 D12 2H11.xlsx,070723,2023-07-10,E4,E,4,650,0.043
CCK BW1 H11 D12 2H11.xlsx,070723,2023-07-10,E5,E,5,650,0.043
CCK BW1 H11 D12 2H11.xlsx,070723,2023-07-10,E6,E,6,650,0.048
CCK BW1 H11 D12 2H11.xlsx,070723,2023-07-10,E7,E,7,650,0.046
CCK BW1 H11 D12 2H11.xlsx,070723,2023-07-10,E8,E,8,650,0.051
CCK BW1 H11 D12 2H11.xlsx,070723,2023-07-10,E9,E,9,650,0.05
CCK BW1 H11 D12 2H11.xlsx,070723,2023-07-10,E10,E,10,650,0.05
CCK BW1 H11 D12 2H11.xlsx,070723,2023-07-10,E11,E,11,650,0.041
CCK BW1 H11 D12 2H11.xlsx,070723,2023-07-10,E12,E,12,650,0.045
CCK BW1 H11 D12 2H11.xlsx,070723,2023-07-10,E1,E,1,Delta,0.018
CCK BW1 H11 D12 2H11.xlsx,070723,2023-07-10,E2,E,2,Delta,0.205
CCK BW1 H11 D12 2H11.xlsx,070723,2023-07-10,E3,E,3,Delta,0.206
CCK BW1 H11 D12 2H11.xlsx,070723,2023-07-10,E4,E,4,Delta,0.205
CCK BW1 H11 D12 2H11.xlsx,070723,2023-07-10,E5,E,5,Delta,0.201
CCK BW1 H11 D12 2H11.xlsx,070723,2023-07-10,E6,E,6,Delta,0.295
CCK BW1 H11 D12 2H11.xlsx,070723,2023-07-10,E7,E,7,Delta,0.2
CCK BW1 H11 D12 2H11.xlsx,070723,2023-07-10,E8,E,8,Delta,0.384
CCK BW1 H11 D12 2H11.xlsx,070723,2023-07-10,E9,E,9,Delta,0.35
CCK BW1 H11 D12 2H11.xlsx,070723,2023-07-10,E10,E,10,Delta,0.346
CCK BW1 H11 D12 2H11.xlsx,070723,2023-07-10,E11,E,11,Delta,0.017
CCK BW1 H11 D12 2H11.xlsx,070723,2023-07-10,E12,E,12,Delta,0.018
CCK BW1 H11 D12 2H11.xlsx,070723,2023-07-10,F1,F,1,450,0.042
CCK BW1 H11 D12 2H11.xlsx,070723,2023-07-10,F2,F,2,450,0.176
CCK BW1 H11 D12 2H11.xlsx,070723,2023-07-10,F3,F,3,450,0.189
CCK BW1 H11 D12 2H11.xlsx,070723,2023-07-10,F4,F,4,450,0.177
CCK BW1 H11 D12 2H11.xlsx,070723,2023-07-10,F5,F,5,450,0.165
CCK BW1 H11 D12 2H11.xlsx,070723,2023-07-10,F6,F,6,450,0.166
CCK BW1 H11 D12 2H11.xlsx,070723,2023-07-10,F7,F,7,450,0.164
CCK BW1 H11 D12 2H11.xlsx,070723,2023-07-10,F8,F,8,450,0.157
CCK BW1 H11 D12 2H11.xlsx,070723,2023-07-10,F9,F,9,450,0.158
CCK BW1 H11 D12 2H11.xlsx,070723,2023-07-10,F10,F,10,450,0.16
CCK BW1 H11 D12 2H11.xlsx,070723,2023-07-10,F11,F,11,450,0.041
CCK BW1 H11 D12 2H11.xlsx,070723,2023-07-10,F12,F,12,450,0.059
CCK BW1 H11 D12 2H11.xlsx,070723,2023-07-10,F1,F,1,650,0.036
CCK BW1 H11 D12 2H11.xlsx,070723,2023-07-10,F2,F,2,650,0.042
CCK BW1 H11 D12 2H11.xlsx,070723,2023-07-10,F3,F,3,650,0.044
CCK BW1 H11 D12 2H11.xlsx,070723,2023-07-10,F4,F,4,650,0.042
CCK BW1 H11 D12 2H11.xlsx,070723,2023-07-10,F5,F,5,650,0.042
CCK BW1 H11 D12 2H11.xlsx,070723,2023-07-10,F6,F,6,650,0.042
CCK BW1 H11 D12 2H11.xlsx,070723,2023-07-10,F7,F,7,650,0.041
CCK BW1 H11 D12 2H11.xlsx,070723,2023-07-10,F8,F,8,650,0.039
CCK BW1 H11 D12 2H11.xlsx,070723,2023-07-10,F9,F,9,650,0.041
CCK BW1 H11 D12 2H11.xlsx,070723,2023-07-10,F10,F,10,650,0.042
CCK BW1 H11 D12 2H11.xlsx,070723,2023-07-10,F11,F,11,650,0.039
CCK BW1 H11 D12 2H11.xlsx,070723,2023-07-10,F12,F,12,650,0.048
CCK BW1 H11 D12 2H11.xlsx,070723,2023-07-10,F1,F,1,Delta,0.006
CCK BW1 H11 D12 2H11.xlsx,070723,2023-07-10,F2,F,2,Delta,0.134
CCK BW1 H11 D12 2H11.xlsx,070723,2023-07-10,F3,F,3,Delta,0.146
CCK BW1 H11 D12 2H11.xlsx,070723,2023-07-10,F4,F,4,Delta,0.135
CCK BW1 H11 D12 2H11.xlsx,070723,2023-07-10,F5,F,5,Delta,0.123
CCK BW1 H11 D12 2H11.xlsx,070723,2023-07-10,F6,F,6,Delta,0.124
CCK BW1 H11 D12 2H11.xlsx,070723,2023-07-10,F7,F,7,Delta,0.123
CCK BW1 H11 D12 2H11.xlsx,070723,2023-07-10,F8,F,8,Delta,0.118
CCK BW1 H11 D12 2H11.xlsx,070723,2023-07-10,F9,F,9,Delta,0.117
CCK BW1 H11 D12 2H11.xlsx,070723,2023-07-10,F10,F,10,Delta,0.118
CCK BW1 H11 D12 2H11.xlsx,070723,2023-07-10,F11,F,11,Delta,0.002
CCK BW1 H11 D12 2H11.xlsx,070723,2023-07-10,F12,F,12,Delta,0.012
CCK BW1 H11 D12 2H11.xlsx,070723,2023-07-10,G1,G,1,450,0.04
CCK BW1 H11 D12 2H11.xlsx,070723,2023-07-10,G2,G,2,450,0.157
CCK BW1 H11 D12 2H11.xlsx,070723,2023-07-10,G3,G,3,450,0.18
CCK BW1 H11 D12 2H11.xlsx,070723,2023-07-10,G4,G,4,450,0.161
CCK BW1 H11 D12 2H11.xlsx,070723,2023-07-10,G5,G,5,450,0.157
CCK BW1 H11 D12 2H11.xlsx,070723,2023-07-10,G6,G,6,450,0.157
CCK BW1 H11 D12 2H11.xlsx,070723,2023-07-10,G7,G,7,450,0.158
CCK BW1 H11 D12 2H11.xlsx,070723,2023-07-10,G8,G,8,450,0.159
CCK BW1 H11 D12 2H11.xlsx,070723,2023-07-10,G9,G,9,450,0.157
CCK BW1 H11 D12 2H11.xlsx,070723,2023-07-10,G10,G,10,450,0.159
CCK BW1 H11 D12 2H11.xlsx,070723,2023-07-10,G11,G,11,450,0.042
CCK BW1 H11 D12 2H11.xlsx,070723,2023-07-10,G12,G,12,450,0.051
CCK BW1 H11 D12 2H11.xlsx,070723,2023-07-10,G1,G,1,650,0.036
CCK BW1 H11 D12 2H11.xlsx,070723,2023-07-10,G2,G,2,650,0.042
CCK BW1 H11 D12 2H11.xlsx,070723,2023-07-10,G3,G,3,650,0.043
CCK BW1 H11 D12 2H11.xlsx,070723,2023-07-10,G4,G,4,650,0.043
CCK BW1 H11 D12 2H11.xlsx,070723,2023-07-10,G5,G,5,650,0.043
CCK BW1 H11 D12 2H11.xlsx,070723,2023-07-10,G6,G,6,650,0.043
CCK BW1 H11 D12 2H11.xlsx,070723,2023-07-10,G7,G,7,650,0.043
CCK BW1 H11 D12 2H11.xlsx,070723,2023-07-10,G8,G,8,650,0.042
CCK BW1 H11 D12 2H11.xlsx,070723,2023-07-10,G9,G,9,650,0.043
CCK BW1 H11 D12 2H11.xlsx,070723,2023-07-10,G10,G,10,650,0.044
CCK BW1 H11 D12 2H11.xlsx,070723,2023-07-10,G11,G,11,650,0.038
CCK BW1 H11 D12 2H11.xlsx,070723,2023-07-10,G12,G,12,650,0.043
CCK BW1 H11 D12 2H11.xlsx,070723,2023-07-10,G1,G,1,Delta,0.004
CCK BW1 H11 D12 2H11.xlsx,070723,2023-07-10,G2,G,2,Delta,0.115
CCK BW1 H11 D12 2H11.xlsx,070723,2023-07-10,G3,G,3,Delta,0.137
CCK BW1 H11 D12 2H11.xlsx,070723,2023-07-10,G4,G,4,Delta,0.118
CCK BW1 H11 D12 2H11.xlsx,070723,2023-07-10,G5,G,5,Delta,0.114
CCK BW1 H11 D12 2H11.xlsx,070723,2023-07-10,G6,G,6,Delta,0.115
CCK BW1 H11 D12 2H11.xlsx,070723,2023-07-10,G7,G,7,Delta,0.115
CCK BW1 H11 D12 2H11.xlsx,070723,2023-07-10,G8,G,8,Delta,0.117
CCK BW1 H11 D12 2H11.xlsx,070723,2023-07-10,G9,G,9,Delta,0.114
CCK BW1 H11 D12 2H11.xlsx,070723,2023-07-10,G10,G,10,Delta,0.115
CCK BW1 H11 D12 2H11.xlsx,070723,2023-07-10,G11,G,11,Delta,0.005
CCK BW1 H11 D12 2H11.xlsx,070723,2023-07-10,G12,G,12,Delta,0.007
CCK BW1 H11 D12 2H11.xlsx,070723,2023-07-10,H1,H,1,450,0.039
CCK BW1 H11 D12 2H11.xlsx,070723,2023-07-10,H2,H,2,450,0.038
CCK BW1 H11 D12 2H11.xlsx,070723,2023-07-10,H3,H,3,450,0.042
CCK BW1 H11 D12 2H11.xlsx,070723,2023-07-10,H4,H,4,450,0.043
CCK BW1 H11 D12 2H11.xlsx,070723,2023-07-10,H5,H,5,450,0.042
CCK BW1 H11 D12 2H11.xlsx,070723,2023-07-10,H6,H,6,450,0.041
CCK BW1 H11 D12 2H11.xlsx,070723,2023-07-10,H7,H,7,450,0.04
CCK BW1 H11 D12 2H11.xlsx,070723,2023-07-10,H8,H,8,450,0.043
CCK BW1 H11 D12 2H11.xlsx,070723,2023-07-10,H9,H,9,450,0.04
CCK BW1 H11 D12 2H11.xlsx,070723,2023-07-10,H10,H,10,450,0.04
CCK BW1 H11 D12 2H11.xlsx,070723,2023-07-10,H11,H,11,450,0.038
CCK BW1 H11 D12 2H11.xlsx,070723,2023-07-10,H12,H,12,450,0.05
CCK BW1 H11 D12 2H11.xlsx,070723,2023-07-10,H1,H,1,650,0.037
CCK BW1 H11 D12 2H11.xlsx,070723,2023-07-10,H2,H,2,650,0.037
CCK BW1 H11 D12 2H11.xlsx,070723,2023-07-10,H3,H,3,650,0.036
CCK BW1 H11 D12 2H11.xlsx,070723,2023-07-10,H4,H,4,650,0.038
CCK BW1 H11 D12 2H11.xlsx,070723,2023-07-10,H5,H,5,650,0.036
CCK BW1 H11 D12 2H11.xlsx,070723,2023-07-10,H6,H,6,650,0.037
CCK BW1 H11 D12 2H11.xlsx,070723,2023-07-10,H7,H,7,650,0.036
CCK BW1 H11 D12 2H11.xlsx,070723,2023-07-10,H8,H,8,650,0.037
CCK BW1 H11 D12 2H11.xlsx,070723,2023-07-10,H9,H,9,650,0.037
CCK BW1 H11 D12 2H11.xlsx,070723,2023-07-10,H10,H,10,650,0.038
CCK BW1 H11 D12 2H11.xlsx,070723,2023-07-10,H11,H,11,650,0.038
CCK BW1 H11 D12 2H11.xlsx,070723,2023-07-10,H12,H,12,650,0.045
CCK BW1 H11 D12 2H11.xlsx,070723,2023-07-10,H1,H,1,Delta,0.002
CCK BW1 H11 D12 2H11.xlsx,070723,2023-07-10,H2,H,2,Delta,0.001
CCK BW1 H11 D12 2H11.xlsx,070723,2023-07-10,H3,H,3,Delta,0.005
CCK BW1 H11 D12 2H11.xlsx,070723,2023-07-10,H4,H,4,Delta,0.004
CCK BW1 H11 D12 2H11.xlsx,070723,2023-07-10,H5,H,5,Delta,0.005
CCK BW1 H11 D12 2H11.xlsx,070723,2023-07-10,H6,H,6,Delta,0.004
CCK BW1 H11 D12 2H11.xlsx,070723,2023-07-10,H7,H,7,Delta,0.004
CCK BW1 H11 D12 2H11.xlsx,070723,2023-07-10,H8,H,8,Delta,0.006
CCK BW1 H11 D12 2H11.xlsx,070723,2023-07-10,H9,H,9,Delta,0.003
CCK BW1 H11 D12 2H11.xlsx,070723,2023-07-10,H10,H,10,Delta,0.002
CCK BW1 H11 D12 2H11.xlsx,070723,2023-07-10,H11,H,11,Delta,0.0
CCK BW1 H11 D12 2H11.xlsx,070723,2023-07-10,H12,H,12,Delta,0.005
CCK BW1 H11 D12 2H11.xlsx,071423,2023-07-17,A1,A,1,450,0.049
CCK BW1 H11 D12 2H11.xlsx,071423,2023-07-17,A2,A,2,450,0.039
CCK BW1 H11 D12 2H11.xlsx,071423,2023-07-17,A3,A,3,450,0.039
CCK BW1 H11 D12 2H11.xlsx,071423,2023-07-17,A4,A,4,450,0.04
CCK BW1 H11 D12 2H11.xlsx,071423,2023-07-17,A5,A,5,450,0.039
CCK BW1 H11 D12 2H11.xlsx,071423,2023-07-17,A6,A,6,450,0.04
CCK BW1 H11 D12 2H11.xlsx,071423,2023-07-17,A7,A,7,450,0.042
CCK BW1 H11 D12 2H11.xlsx,071423,2023-07-17,A8,A,8,450,0.041
CCK BW1 H11 D12 2H11.xlsx,071423,2023-07-17,A9,A,9,450,0.04
CCK BW1 H11 D12 2H11.xlsx,071423,2023-07-17,A10,A,10,450,0.039
CCK BW1 H11 D12 2H11.xlsx,071423,2023-07-17,A11,A,11,450,0.037
CCK BW1 H11 D12 2H11.xlsx,071423,2023-07-17,A12,A,12,450,0.049
CCK BW1 H11 D12 2H11.xlsx,071423,2023-07-17,A1,A,1,650,0.047
CCK BW1 H11 D12 2H11.xlsx,071423,2023-07-17,A2,A,2,650,0.033
CCK BW1 H11 D12 2H11.xlsx,071423,2023-07-17,A3,A,3,650,0.036
CCK BW1 H11 D12 2H11.xlsx,071423,2023-07-17,A4,A,4,650,0.034
CCK BW1 H11 D12 2H11.xlsx,071423,2023-07-17,A5,A,5,650,0.038
CCK BW1 H11 D12 2H11.xlsx,071423,2023-07-17,A6,A,6,650,0.038
CCK BW1 H11 D12 2H11.xlsx,071423,2023-07-17,A7,A,7,650,0.036
CCK BW1 H11 D12 2H11.xlsx,071423,2023-07-17,A8,A,8,650,0.035
CCK BW1 H11 D12 2H11.xlsx,071423,2023-07-17,A9,A,9,650,0.037
CCK BW1 H11 D12 2H11.xlsx,071423,2023-07-17,A10,A,10,650,0.036
CCK BW1 H11 D12 2H11.xlsx,071423,2023-07-17,A11,A,11,650,0.037
CCK BW1 H11 D12 2H11.xlsx,071423,2023-07-17,A12,A,12,650,0.042
CCK BW1 H11 D12 2H11.xlsx,071423,2023-07-17,A1,A,1,Delta,0.002
CCK BW1 H11 D12 2H11.xlsx,071423,2023-07-17,A2,A,2,Delta,0.005
CCK BW1 H11 D12 2H11.xlsx,071423,2023-07-17,A3,A,3,Delta,0.003
CCK BW1 H11 D12 2H11.xlsx,071423,2023-07-17,A4,A,4,Delta,0.006
CCK BW1 H11 D12 2H11.xlsx,071423,2023-07-17,A5,A,5,Delta,0.001
CCK BW1 H11 D12 2H11.xlsx,071423,2023-07-17,A6,A,6,Delta,0.002
CCK BW1 H11 D12 2H11.xlsx,071423,2023-07-17,A7,A,7,Delta,0.006
CCK BW1 H11 D12 2H11.xlsx,071423,2023-07-17,A8,A,8,Delta,0.006
CCK BW1 H11 D12 2H11.xlsx,071423,2023-07-17,A9,A,9,Delta,0.002
CCK BW1 H11 D12 2H11.xlsx,071423,2023-07-17,A10,A,10,Delta,0.003
CCK BW1 H11 D12 2H11.xlsx,071423,2023-07-17,A11,A,11,Delta,0.0
CCK BW1 H11 D12 2H11.xlsx,071423,2023-07-17,A12,A,12,Delta,0.006
CCK BW1 H11 D12 2H11.xlsx,071423,2023-07-17,B1,B,1,450,0.042
CCK BW1 H11 D12 2H11.xlsx,071423,2023-07-17,B2,B,2,450,0.702
CCK BW1 H11 D12 2H11.xlsx,071423,2023-07-17,B3,B,3,450,0.799
CCK BW1 H11 D12 2H11.xlsx,071423,2023-07-17,B4,B,4,450,0.735
CCK BW1 H11 D12 2H11.xlsx,071423,2023-07-17,B5,B,5,450,1.216
CCK BW1 H11 D12 2H11.xlsx,071423,2023-07-17,B6,B,6,450,1.227
CCK BW1 H11 D12 2H11.xlsx,071423,2023-07-17,B7,B,7,450,1.241
CCK BW1 H11 D12 2H11.xlsx,071423,2023-07-17,B8,B,8,450,1.613
CCK BW1 H11 D12 2H11.xlsx,071423,2023-07-17,B9,B,9,450,1.573
CCK BW1 H11 D12 2H11.xlsx,071423,2023-07-17,B10,B,10,450,1.513
CCK BW1 H11 D12 2H11.xlsx,071423,2023-07-17,B11,B,11,450,0.04
CCK BW1 H11 D12 2H11.xlsx,071423,2023-07-17,B12,B,12,450,0.049
CCK BW1 H11 D12 2H11.xlsx,071423,2023-07-17,B1,B,1,650,0.035
CCK BW1 H11 D12 2H11.xlsx,071423,2023-07-17,B2,B,2,650,0.043
CCK BW1 H11 D12 2H11.xlsx,071423,2023-07-17,B3,B,3,650,0.044
CCK BW1 H11 D12 2H11.xlsx,071423,2023-07-17,B4,B,4,650,0.045
CCK BW1 H11 D12 2H11.xlsx,071423,2023-07-17,B5,B,5,650,0.048
CCK BW1 H11 D12 2H11.xlsx,071423,2023-07-17,B6,B,6,650,0.052
CCK BW1 H11 D12 2H11.xlsx,071423,2023-07-17,B7,B,7,650,0.054
CCK BW1 H11 D12 2H11.xlsx,071423,2023-07-17,B8,B,8,650,0.054
CCK BW1 H11 D12 2H11.xlsx,071423,2023-07-17,B9,B,9,650,0.053
CCK BW1 H11 D12 2H11.xlsx,071423,2023-07-17,B10,B,10,650,0.053
CCK BW1 H11 D12 2H11.xlsx,071423,2023-07-17,B11,B,11,650,0.035
CCK BW1 H11 D12 2H11.xlsx,071423,2023-07-17,B12,B,12,650,0.046
CCK BW1 H11 D12 2H11.xlsx,071423,2023-07-17,B1,B,1,Delta,0.007
CCK BW1 H11 D12 2H11.xlsx,071423,2023-07-17,B2,B,2,Delta,0.659
CCK BW1 H11 D12 2H11.xlsx,071423,2023-07-17,B3,B,3,Delta,0.755
CCK BW1 H11 D12 2H11.xlsx,071423,2023-07-17,B4,B,4,Delta,0.69
CCK BW1 H11 D12 2H11.xlsx,071423,2023-07-17,B5,B,5,Delta,1.168
CCK BW1 H11 D12 2H11.xlsx,071423,2023-07-17,B6,B,6,Delta,1.175
CCK BW1 H11 D12 2H11.xlsx,071423,2023-07-17,B7,B,7,Delta,1.187
CCK BW1 H11 D12 2H11.xlsx,071423,2023-07-17,B8,B,8,Delta,1.558
CCK BW1 H11 D12 2H11.xlsx,071423,2023-07-17,B9,B,9,Delta,1.52
CCK BW1 H11 D12 2H11.xlsx,071423,2023-07-17,B10,B,10,Delta,1.46
CCK BW1 H11 D12 2H11.xlsx,071423,2023-07-17,B11,B,11,Delta,0.004
CCK BW1 H11 D12 2H11.xlsx,071423,2023-07-17,B12,B,12,Delta,0.003
CCK BW1 H11 D12 2H11.xlsx,071423,2023-07-17,C1,C,1,450,0.05
CCK BW1 H11 D12 2H11.xlsx,071423,2023-07-17,C2,C,2,450,0.756
CCK BW1 H11 D12 2H11.xlsx,071423,2023-07-17,C3,C,3,450,0.678
CCK BW1 H11 D12 2H11.xlsx,071423,2023-07-17,C4,C,4,450,0.616
CCK BW1 H11 D12 2H11.xlsx,071423,2023-07-17,C5,C,5,450,0.896
CCK BW1 H11 D12 2H11.xlsx,071423,2023-07-17,C6,C,6,450,1.272
CCK BW1 H11 D12 2H11.xlsx,071423,2023-07-17,C7,C,7,450,1.331
CCK BW1 H11 D12 2H11.xlsx,071423,2023-07-17,C8,C,8,450,1.42
CCK BW1 H11 D12 2H11.xlsx,071423,2023-07-17,C9,C,9,450,1.562
CCK BW1 H11 D12 2H11.xlsx,071423,2023-07-17,C10,C,10,450,1.471
CCK BW1 H11 D12 2H11.xlsx,071423,2023-07-17,C11,C,11,450,0.062
CCK BW1 H11 D12 2H11.xlsx,071423,2023-07-17,C12,C,12,450,0.07
CCK BW1 H11 D12 2H11.xlsx,071423,2023-07-17,C1,C,1,650,0.037
CCK BW1 H11 D12 2H11.xlsx,071423,2023-07-17,C2,C,2,650,0.043
CCK BW1 H11 D12 2H11.xlsx,071423,2023-07-17,C3,C,3,650,0.046
CCK BW1 H11 D12 2H11.xlsx,071423,2023-07-17,C4,C,4,650,0.043
CCK BW1 H11 D12 2H11.xlsx,071423,2023-07-17,C5,C,5,650,0.046
CCK BW1 H11 D12 2H11.xlsx,071423,2023-07-17,C6,C,6,650,0.053
CCK BW1 H11 D12 2H11.xlsx,071423,2023-07-17,C7,C,7,650,0.059
CCK BW1 H11 D12 2H11.xlsx,071423,2023-07-17,C8,C,8,650,0.059
CCK BW1 H11 D12 2H11.xlsx,071423,2023-07-17,C9,C,9,650,0.064
CCK BW1 H11 D12 2H11.xlsx,071423,2023-07-17,C10,C,10,650,0.067
CCK BW1 H11 D12 2H11.xlsx,071423,2023-07-17,C11,C,11,650,0.048
CCK BW1 H11 D12 2H11.xlsx,071423,2023-07-17,C12,C,12,650,0.048
CCK BW1 H11 D12 2H11.xlsx,071423,2023-07-17,C1,C,1,Delta,0.013
CCK BW1 H11 D12 2H11.xlsx,071423,2023-07-17,C2,C,2,Delta,0.713
CCK BW1 H11 D12 2H11.xlsx,071423,2023-07-17,C3,C,3,Delta,0.631
CCK BW1 H11 D12 2H11.xlsx,071423,2023-07-17,C4,C,4,Delta,0.573
CCK BW1 H11 D12 2H11.xlsx,071423,2023-07-17,C5,C,5,Delta,0.849
CCK BW1 H11 D12 2H11.xlsx,071423,2023-07-17,C6,C,6,Delta,1.219
CCK BW1 H11 D12 2H11.xlsx,071423,2023-07-17,C7,C,7,Delta,1.272
CCK BW1 H11 D12 2H11.xlsx,071423,2023-07-17,C8,C,8,Delta,1.361
CCK BW1 H11 D12 2H11.xlsx,071423,2023-07-17,C9,C,9,Delta,1.497
CCK BW1 H11 D12 2H11.xlsx,071423,2023-07-17,C10,C,10,Delta,1.404
CCK BW1 H11 D12 2H11.xlsx,071423,2023-07-17,C11,C,11,Delta,0.015
CCK BW1 H11 D12 2H11.xlsx,071423,2023-07-17,C12,C,12,Delta,0.022
CCK BW1 H11 D12 2H11.xlsx,071423,2023-07-17,D1,D,1,450,0.084
CCK BW1 H11 D12 2H11.xlsx,071423,2023-07-17,D2,D,2,450,0.796
CCK BW1 H11 D12 2H11.xlsx,071423,2023-07-17,D3,D,3,450,0.861
CCK BW1 H11 D12 2H11.xlsx,071423,2023-07-17,D4,D,4,450,0.682
CCK BW1 H11 D12 2H11.xlsx,071423,2023-07-17,D5,D,5,450,0.865
CCK BW1 H11 D12 2H11.xlsx,071423,2023-07-17,D6,D,6,450,1.055
CCK BW1 H11 D12 2H11.xlsx,071423,2023-07-17,D7,D,7,450,0.979
CCK BW1 H11 D12 2H11.xlsx,071423,2023-07-17,D8,D,8,450,1.303
CCK BW1 H11 D12 2H11.xlsx,071423,2023-07-17,D9,D,9,450,1.396
CCK BW1 H11 D12 2H11.xlsx,071423,2023-07-17,D10,D,10,450,1.445
CCK BW1 H11 D12 2H11.xlsx,071423,2023-07-17,D11,D,11,450,0.046
CCK BW1 H11 D12 2H11.xlsx,071423,2023-07-17,D12,D,12,450,0.066
CCK BW1 H11 D12 2H11.xlsx,071423,2023-07-17,D1,D,1,650,0.052
CCK BW1 H11 D12 2H11.xlsx,071423,2023-07-17,D2,D,2,650,0.062
CCK BW1 H11 D12 2H11.xlsx,071423,2023-07-17,D3,D,3,650,0.06
CCK BW1 H11 D12 2H11.xlsx,071423,2023-07-17,D4,D,4,650,0.058
CCK BW1 H11 D12 2H11.xlsx,071423,2023-07-17,D5,D,5,650,0.051
CCK BW1 H11 D12 2H11.xlsx,071423,2023-07-17,D6,D,6,650,0.05
CCK BW1 H11 D12 2H11.xlsx,071423,2023-07-17,D7,D,7,650,0.05
CCK BW1 H11 D12 2H11.xlsx,071423,2023-07-17,D8,D,8,650,0.052
CCK BW1 H11 D12 2H11.xlsx,071423,2023-07-17,D9,D,9,650,0.052
CCK BW1 H11 D12 2H11.xlsx,071423,2023-07-17,D10,D,10,650,0.054
CCK BW1 H11 D12 2H11.xlsx,071423,2023-07-17,D11,D,11,650,0.036
CCK BW1 H11 D12 2H11.xlsx,071423,2023-07-17,D12,D,12,650,0.045
CCK BW1 H11 D12 2H11.xlsx,071423,2023-07-17,D1,D,1,Delta,0.032
CCK BW1 H11 D12 2H11.xlsx,071423,2023-07-17,D2,D,2,Delta,0.733
CCK BW1 H11 D12 2H11.xlsx,071423,2023-07-17,D3,D,3,Delta,0.801
CCK BW1 H11 D12 2H11.xlsx,071423,2023-07-17,D4,D,4,Delta,0.625
CCK BW1 H11 D12 2H11.xlsx,071423,2023-07-17,D5,D,5,Delta,0.814
CCK BW1 H11 D12 2H11.xlsx,071423,2023-07-17,D6,D,6,Delta,1.005
CCK BW1 H11 D12 2H11.xlsx,071423,2023-07-17,D7,D,7,Delta,0.928
CCK BW1 H11 D12 2H11.xlsx,071423,2023-07-17,D8,D,8,Delta,1.252
CCK BW1 H11 D12 2H11.xlsx,071423,2023-07-17,D9,D,9,Delta,1.344
CCK BW1 H11 D12 2H11.xlsx,071423,2023-07-17,D10,D,10,Delta,1.391
CCK BW1 H11 D12 2H11.xlsx,071423,2023-07-17,D11,D,11,Delta,0.01
CCK BW1 H11 D12 2H11.xlsx,071423,2023-07-17,D12,D,12,Delta,0.021
CCK BW1 H11 D12 2H11.xlsx,071423,2023-07-17,E1,E,1,450,0.074
CCK BW1 H11 D12 2H11.xlsx,071423,2023-07-17,E2,E,2,450,0.219
CCK BW1 H11 D12 2H11.xlsx,071423,2023-07-17,E3,E,3,450,0.191
CCK BW1 H11 D12 2H11.xlsx,071423,2023-07-17,E4,E,4,450,0.221
CCK BW1 H11 D12 2H11.xlsx,071423,2023-07-17,E5,E,5,450,0.197
CCK BW1 H11 D12 2H11.xlsx,071423,2023-07-17,E6,E,6,450,0.187
CCK BW1 H11 D12 2H11.xlsx,071423,2023-07-17,E7,E,7,450,0.221
CCK BW1 H11 D12 2H11.xlsx,071423,2023-07-17,E8,E,8,450,0.171
CCK BW1 H11 D12 2H11.xlsx,071423,2023-07-17,E9,E,9,450,0.315
CCK BW1 H11 D12 2H11.xlsx,071423,2023-07-17,E10,E,10,450,0.25
CCK BW1 H11 D12 2H11.xlsx,071423,2023-07-17,E11,E,11,450,0.074
CCK BW1 H11 D12 2H11.xlsx,071423,2023-07-17,E12,E,12,450,0.081
CCK BW1 H11 D12 2H11.xlsx,071423,2023-07-17,E1,E,1,650,0.047
CCK BW1 H11 D12 2H11.xlsx,071423,2023-07-17,E2,E,2,650,0.045
CCK BW1 H11 D12 2H11.xlsx,071423,2023-07-17,E3,E,3,650,0.041
CCK BW1 H11 D12 2H11.xlsx,071423,2023-07-17,E4,E,4,650,0.042
CCK BW1 H11 D12 2H11.xlsx,071423,2023-07-17,E5,E,5,650,0.043
CCK BW1 H11 D12 2H11.xlsx,071423,2023-07-17,E6,E,6,650,0.047
CCK BW1 H11 D12 2H11.xlsx,071423,2023-07-17,E7,E,7,650,0.054
CCK BW1 H11 D12 2H11.xlsx,071423,2023-07-17,E8,E,8,650,0.057
CCK BW1 H11 D12 2H11.xlsx,071423,2023-07-17,E9,E,9,650,0.065
CCK BW1 H11 D12 2H11.xlsx,071423,2023-07-17,E10,E,10,650,0.064
CCK BW1 H11 D12 2H11.xlsx,071423,2023-07-17,E11,E,11,650,0.057
CCK BW1 H11 D12 2H11.xlsx,071423,2023-07-17,E12,E,12,650,0.061
CCK BW1 H11 D12 2H11.xlsx,071423,2023-07-17,E1,E,1,Delta,0.028
CCK BW1 H11 D12 2H11.xlsx,071423,2023-07-17,E2,E,2,Delta,0.174
CCK BW1 H11 D12 2H11.xlsx,071423,2023-07-17,E3,E,3,Delta,0.15
CCK BW1 H11 D12 2H11.xlsx,071423,2023-07-17,E4,E,4,Delta,0.179
CCK BW1 H11 D12 2H11.xlsx,071423,2023-07-17,E5,E,5,Delta,0.155
CCK BW1 H11 D12 2H11.xlsx,071423,2023-07-17,E6,E,6,Delta,0.139
CCK BW1 H11 D12 2H11.xlsx,071423,2023-07-17,E7,E,7,Delta,0.167
CCK BW1 H11 D12 2H11.xlsx,071423,2023-07-17,E8,E,8,Delta,0.114
CCK BW1 H11 D12 2H11.xlsx,071423,2023-07-17,E9,E,9,Delta,0.249
CCK BW1 H11 D12 2H11.xlsx,071423,2023-07-17,E10,E,10,Delta,0.186
CCK BW1 H11 D12 2H11.xlsx,071423,2023-07-17,E11,E,11,Delta,0.017
CCK BW1 H11 D12 2H11.xlsx,071423,2023-07-17,E12,E,12,Delta,0.021
CCK BW1 H11 D12 2H11.xlsx,071423,2023-07-17,F1,F,1,450,0.064
CCK BW1 H11 D12 2H11.xlsx,071423,2023-07-17,F2,F,2,450,0.156
CCK BW1 H11 D12 2H11.xlsx,071423,2023-07-17,F3,F,3,450,0.172
CCK BW1 H11 D12 2H11.xlsx,071423,2023-07-17,F4,F,4,450,0.17
CCK BW1 H11 D12 2H11.xlsx,071423,2023-07-17,F5,F,5,450,0.175
CCK BW1 H11 D12 2H11.xlsx,071423,2023-07-17,F6,F,6,450,0.169
CCK BW1 H11 D12 2H11.xlsx,071423,2023-07-17,F7,F,7,450,0.175
CCK BW1 H11 D12 2H11.xlsx,071423,2023-07-17,F8,F,8,450,0.178
CCK BW1 H11 D12 2H11.xlsx,071423,2023-07-17,F9,F,9,450,0.177
CCK BW1 H11 D12 2H11.xlsx,071423,2023-07-17,F10,F,10,450,0.167
CCK BW1 H11 D12 2H11.xlsx,071423,2023-07-17,F11,F,11,450,0.065
CCK BW1 H11 D12 2H11.xlsx,071423,2023-07-17,F12,F,12,450,0.078
CCK BW1 H11 D12 2H11.xlsx,071423,2023-07-17,F1,F,1,650,0.037
CCK BW1 H11 D12 2H11.xlsx,071423,2023-07-17,F2,F,2,650,0.041
CCK BW1 H11 D12 2H11.xlsx,071423,2023-07-17,F3,F,3,650,0.043
CCK BW1 H11 D12 2H11.xlsx,071423,2023-07-17,F4,F,4,650,0.042
CCK BW1 H11 D12 2H11.xlsx,071423,2023-07-17,F5,F,5,650,0.041
CCK BW1 H11 D12 2H11.xlsx,071423,2023-07-17,F6,F,6,650,0.041
CCK BW1 H11 D12 2H11.xlsx,071423,2023-07-17,F7,F,7,650,0.04
CCK BW1 H11 D12 2H11.xlsx,071423,2023-07-17,F8,F,8,650,0.039
CCK BW1 H11 D12 2H11.xlsx,071423,2023-07-17,F9,F,9,650,0.04
CCK BW1 H11 D12 2H11.xlsx,071423,2023-07-17,F10,F,10,650,0.042
CCK BW1 H11 D12 2H11.xlsx,071423,2023-07-17,F11,F,11,650,0.037
CCK BW1 H11 D12 2H11.xlsx,071423,2023-07-17,F12,F,12,650,0.051
CCK BW1 H11 D12 2H11.xlsx,071423,2023-07-17,F1,F,1,Delta,0.028
CCK BW1 H11 D12 2H11.xlsx,071423,2023-07-17,F2,F,2,Delta,0.115
CCK BW1 H11 D12 2H11.xlsx,071423,2023-07-17,F3,F,3,Delta,0.13
CCK BW1 H11 D12 2H11.xlsx,071423,2023-07-17,F4,F,4,Delta,0.128
CCK BW1 H11 D12 2H11.xlsx,071423,2023-07-17,F5,F,5,Delta,0.135
CCK BW1 H11 D12 2H11.xlsx,071423,2023-07-17,F6,F,6,Delta,0.128
CCK BW1 H11 D12 2H11.xlsx,071423,2023-07-17,F7,F,7,Delta,0.135
CCK BW1 H11 D12 2H11.xlsx,071423,2023-07-17,F8,F,8,Delta,0.139
CCK BW1 H11 D12 2H11.xlsx,071423,2023-07-17,F9,F,9,Delta,0.137
CCK BW1 H11 D12 2H11.xlsx,071423,2023-07-17,F10,F,10,Delta,0.125
CCK BW1 H11 D12 2H11.xlsx,071423,2023-07-17,F11,F,11,Delta,0.028
CCK BW1 H11 D12 2H11.xlsx,071423,2023-07-17,F12,F,12,Delta,0.027
CCK BW1 H11 D12 2H11.xlsx,071423,2023-07-17,G1,G,1,450,0.064
CCK BW1 H11 D12 2H11.xlsx,071423,2023-07-17,G2,G,2,450,0.115
CCK BW1 H11 D12 2H11.xlsx,071423,2023-07-17,G3,G,3,450,0.171
CCK BW1 H11 D12 2H11.xlsx,071423,2023-07-17,G4,G,4,450,0.173
CCK BW1 H11 D12 2H11.xlsx,071423,2023-07-17,G5,G,5,450,0.175
CCK BW1 H11 D12 2H11.xlsx,071423,2023-07-17,G6,G,6,450,0.192
CCK BW1 H11 D12 2H11.xlsx,071423,2023-07-17,G7,G,7,450,0.168
CCK BW1 H11 D12 2H11.xlsx,071423,2023-07-17,G8,G,8,450,0.16
CCK BW1 H11 D12 2H11.xlsx,071423,2023-07-17,G9,G,9,450,0.16
CCK BW1 H11 D12 2H11.xlsx,071423,2023-07-17,G10,G,10,450,0.155
CCK BW1 H11 D12 2H11.xlsx,071423,2023-07-17,G11,G,11,450,0.041
CCK BW1 H11 D12 2H11.xlsx,071423,2023-07-17,G12,G,12,450,0.05
CCK BW1 H11 D12 2H11.xlsx,071423,2023-07-17,G1,G,1,650,0.036
CCK BW1 H11 D12 2H11.xlsx,071423,2023-07-17,G2,G,2,650,0.042
CCK BW1 H11 D12 2H11.xlsx,071423,2023-07-17,G3,G,3,650,0.045
CCK BW1 H11 D12 2H11.xlsx,071423,2023-07-17,G4,G,4,650,0.042
CCK BW1 H11 D12 2H11.xlsx,071423,2023-07-17,G5,G,5,650,0.042
CCK BW1 H11 D12 2H11.xlsx,071423,2023-07-17,G6,G,6,650,0.043
CCK BW1 H11 D12 2H11.xlsx,071423,2023-07-17,G7,G,7,650,0.042
CCK BW1 H11 D12 2H11.xlsx,071423,2023-07-17,G8,G,8,650,0.041
CCK BW1 H11 D12 2H11.xlsx,071423,2023-07-17,G9,G,9,650,0.044
CCK BW1 H11 D12 2H11.xlsx,071423,2023-07-17,G10,G,10,650,0.043
CCK BW1 H11 D12 2H11.xlsx,071423,2023-07-17,G11,G,11,650,0.036
CCK BW1 H11 D12 2H11.xlsx,071423,2023-07-17,G12,G,12,650,0.044
CCK BW1 H11 D12 2H11.xlsx,071423,2023-07-17,G1,G,1,Delta,0.028
CCK BW1 H11 D12 2H11.xlsx,071423,2023-07-17,G2,G,2,Delta,0.074
CCK BW1 H11 D12 2H11.xlsx,071423,2023-07-17,G3,G,3,Delta,0.126
CCK BW1 H11 D12 2H11.xlsx,071423,2023-07-17,G4,G,4,Delta,0.131
CCK BW1 H11 D12 2H11.xlsx,071423,2023-07-17,G5,G,5,Delta,0.133
CCK BW1 H11 D12 2H11.xlsx,071423,2023-07-17,G6,G,6,Delta,0.148
CCK BW1 H11 D12 2H11.xlsx,071423,2023-07-17,G7,G,7,Delta,0.126
CCK BW1 H11 D12 2H11.xlsx,071423,2023-07-17,G8,G,8,Delta,0.118
CCK BW1 H11 D12 2H11.xlsx,071423,2023-07-17,G9,G,9,Delta,0.116
CCK BW1 H11 D12 2H11.xlsx,071423,2023-07-17,G10,G,10,Delta,0.112
CCK BW1 H11 D12 2H11.xlsx,071423,2023-07-17,G11,G,11,Delta,0.005
CCK BW1 H11 D12 2H11.xlsx,071423,2023-07-17,G12,G,12,Delta,0.006
CCK BW1 H11 D12 2H11.xlsx,071423,2023-07-17,H1,H,1,450,0.04
CCK BW1 H11 D12 2H11.xlsx,071423,2023-07-17,H2,H,2,450,0.073
CCK BW1 H11 D12 2H11.xlsx,071423,2023-07-17,H3,H,3,450,0.042
CCK BW1 H11 D12 2H11.xlsx,071423,2023-07-17,H4,H,4,450,0.041
CCK BW1 H11 D12 2H11.xlsx,071423,2023-07-17,H5,H,5,450,0.042
CCK BW1 H11 D12 2H11.xlsx,071423,2023-07-17,H6,H,6,450,0.042
CCK BW1 H11 D12 2H11.xlsx,071423,2023-07-17,H7,H,7,450,0.039
CCK BW1 H11 D12 2H11.xlsx,071423,2023-07-17,H8,H,8,450,0.044
CCK BW1 H11 D12 2H11.xlsx,071423,2023-07-17,H9,H,9,450,0.041
CCK BW1 H11 D12 2H11.xlsx,071423,2023-07-17,H10,H,10,450,0.04
CCK BW1 H11 D12 2H11.xlsx,071423,2023-07-17,H11,H,11,450,0.039
CCK BW1 H11 D12 2H11.xlsx,071423,2023-07-17,H12,H,12,450,0.05
CCK BW1 H11 D12 2H11.xlsx,071423,2023-07-17,H1,H,1,650,0.037
CCK BW1 H11 D12 2H11.xlsx,071423,2023-07-17,H2,H,2,650,0.038
CCK BW1 H11 D12 2H11.xlsx,071423,2023-07-17,H3,H,3,650,0.037
CCK BW1 H11 D12 2H11.xlsx,071423,2023-07-17,H4,H,4,650,0.035
CCK BW1 H11 D12 2H11.xlsx,071423,2023-07-17,H5,H,5,650,0.035
CCK BW1 H11 D12 2H11.xlsx,071423,2023-07-17,H6,H,6,650,0.037
CCK BW1 H11 D12 2H11.xlsx,071423,2023-07-17,H7,H,7,650,0.038
CCK BW1 H11 D12 2H11.xlsx,071423,2023-07-17,H8,H,8,650,0.04
CCK BW1 H11 D12 2H11.xlsx,071423,2023-07-17,H9,H,9,650,0.035
CCK BW1 H11 D12 2H11.xlsx,071423,2023-07-17,H10,H,10,650,0.035
CCK BW1 H11 D12 2H11.xlsx,071423,2023-07-17,H11,H,11,650,0.035
CCK BW1 H11 D12 2H11.xlsx,071423,2023-07-17,H12,H,12,650,0.046
CCK BW1 H11 D12 2H11.xlsx,071423,2023-07-17,H1,H,1,Delta,0.004
CCK BW1 H11 D12 2H11.xlsx,071423,2023-07-17,H2,H,2,Delta,0.035
CCK BW1 H11 D12 2H11.xlsx,071423,2023-07-17,H3,H,3,Delta,0.004
CCK BW1 H11 D12 2H11.xlsx,071423,2023-07-17,H4,H,4,Delta,0.006
CCK BW1 H11 D12 2H11.xlsx,071423,2023-07-17,H5,H,5,Delta,0.006
CCK BW1 H11 D12 2H11.xlsx,071423,2023-07-17,H6,H,6,Delta,0.005
CCK BW1 H11 D12 2H11.xlsx,071423,2023-07-17,H7,H,7,Delta,0.001
CCK BW1 H11 D12 2H11.xlsx,071423,2023-07-17,H8,H,8,Delta,0.004
CCK BW1 H11 D12 2H11.xlsx,071423,2023-07-17,H9,H,9,Delta,0.006
CCK BW1 H11 D12 2H11.xlsx,071423,2023-07-17,H10,H,10,Delta,0.004
CCK BW1 H11 D12 2H11.xlsx,071423,2023-07-17,H11,H,11,Delta,0.004
CCK BW1 H11 D12 2H11.xlsx,071423,2023-07-17,H12,H,12,Delta,0.004
